<?xml version="1.0" encoding="UTF-8"?>
<!DOCTYPE mapper PUBLIC "-//mybatis.org//DTD Mapper 3.0//EN" "http://mybatis.org/dtd/mybatis-3-mapper.dtd">
<mapper namespace="com.ule.wholesale.fxpurchase.server.mapper.BankInfoMapper">
  <resultMap id="BaseResultMap" type="com.ule.wholesale.fxpurchase.server.vo.BankInfo">
    <!--
      WARNING - @mbggenerated
      This element is automatically generated by MyBatis Generator, do not modify.
    -->
    <id column="ID" jdbcType="BIGINT" property="id" />
    <result column="BANK_NAME" jdbcType="VARCHAR" property="bankName" />
    <result column="BANK_DESC" jdbcType="VARCHAR" property="bankDesc" />
    <result column="BANK_ADDR" jdbcType="VARCHAR" property="bankAddr" />
    <result column="NET_BANK_URL" jdbcType="VARCHAR" property="netBankUrl" />
    <result column="TEL_BANK_URL" jdbcType="VARCHAR" property="telBankUrl" />
    <result column="TEL_BANK_NO" jdbcType="VARCHAR" property="telBankNo" />
    <result column="MOBILE_BANK_URL" jdbcType="VARCHAR" property="mobileBankUrl" />
    <result column="LIST_SEQ" jdbcType="DECIMAL" property="listSeq" />
    <result column="LINK_CODE" jdbcType="INTEGER" property="linkCode" />
    <result column="SUPPORTED" jdbcType="BIGINT" property="supported" />
    <result column="EXCEPTIONAL" jdbcType="BIGINT" property="exceptional" />
    <result column="DRAW_BANK" jdbcType="INTEGER" property="drawBank" />
    <result column="REMARK" jdbcType="VARCHAR" property="remark" />
    <result column="CREATE_USR" jdbcType="VARCHAR" property="createUsr" />
    <result column="CREATE_TIME" jdbcType="TIMESTAMP" property="createTime" />
    <result column="UPDATE_USR" jdbcType="VARCHAR" property="updateUsr" />
    <result column="UPDATE_TIME" jdbcType="TIMESTAMP" property="updateTime" />
    <result column="VERSION" jdbcType="BIGINT" property="version" />
    <result column="VALID_FLAG" jdbcType="INTEGER" property="validFlag" />
    <result column="IMG_URL" jdbcType="VARCHAR" property="imgUrl" />
  </resultMap>

  <select id="selectBankInfoGroup1" resultMap="BaseResultMap">
    select ID, BANK_NAME, BANK_DESC, BANK_ADDR, NET_BANK_URL, TEL_BANK_URL, TEL_BANK_NO, 
    MOBILE_BANK_URL, LIST_SEQ, LINK_CODE, SUPPORTED, EXCEPTIONAL, DRAW_BANK, REMARK, 
    CREATE_USR, CREATE_TIME, UPDATE_USR, UPDATE_TIME, VERSION, VALID_FLAG, IMG_URL
    from bank_info
    where BANK_DESC in ('A','B','C','D','E','F')
  </select>
  <select id="selectBankInfoGroup2" resultMap="BaseResultMap">
    select ID, BANK_NAME, BANK_DESC, BANK_ADDR, NET_BANK_URL, TEL_BANK_URL, TEL_BANK_NO, 
    MOBILE_BANK_URL, LIST_SEQ, LINK_CODE, SUPPORTED, EXCEPTIONAL, DRAW_BANK, REMARK, 
    CREATE_USR, CREATE_TIME, UPDATE_USR, UPDATE_TIME, VERSION, VALID_FLAG, IMG_URL
    from bank_info
    where BANK_DESC in ('G','H','J')
  </select>
  <select id="selectBankInfoGroup3" resultMap="BaseResultMap">
    select ID, BANK_NAME, BANK_DESC, BANK_ADDR, NET_BANK_URL, TEL_BANK_URL, TEL_BANK_NO, 
    MOBILE_BANK_URL, LIST_SEQ, LINK_CODE, SUPPORTED, EXCEPTIONAL, DRAW_BANK, REMARK, 
    CREATE_USR, CREATE_TIME, UPDATE_USR, UPDATE_TIME, VERSION, VALID_FLAG, IMG_URL
    from bank_info
    where BANK_DESC in ('K','L','M','N')
  </select>
  <select id="selectBankInfoGroup4" resultMap="BaseResultMap">
    select ID, BANK_NAME, BANK_DESC, BANK_ADDR, NET_BANK_URL, TEL_BANK_URL, TEL_BANK_NO, 
    MOBILE_BANK_URL, LIST_SEQ, LINK_CODE, SUPPORTED, EXCEPTIONAL, DRAW_BANK, REMARK, 
    CREATE_USR, CREATE_TIME, UPDATE_USR, UPDATE_TIME, VERSION, VALID_FLAG, IMG_URL
    from bank_info
    where BANK_DESC in ('P','Q','R','S','T')
  </select>
  <select id="selectBankInfoGroup5" resultMap="BaseResultMap">
    select ID, BANK_NAME, BANK_DESC, BANK_ADDR, NET_BANK_URL, TEL_BANK_URL, TEL_BANK_NO, 
    MOBILE_BANK_URL, LIST_SEQ, LINK_CODE, SUPPORTED, EXCEPTIONAL, DRAW_BANK, REMARK, 
    CREATE_USR, CREATE_TIME, UPDATE_USR, UPDATE_TIME, VERSION, VALID_FLAG, IMG_URL
    from bank_info
    where BANK_DESC in ('W','X','Y','Z')
  </select>
  
</mapper>