<?xml version="1.0" encoding="UTF-8" ?>
<!DOCTYPE mapper PUBLIC "-//mybatis.org//DTD Mapper 3.0//EN" "http://mybatis.org/dtd/mybatis-3-mapper.dtd" >
<mapper namespace="com.ule.wholesale.fxpurchase.server.mapper.FXContractInfoMapper" >
  <resultMap id="BaseResultMap" type="com.ule.wholesale.fxpurchase.server.vo.FXContractInfo" >
    <id column="ID" property="id" jdbcType="BIGINT" />
    <result column="CONTRACT_CODE" property="contractCode" jdbcType="VARCHAR" />
    <result column="SUPPLIER_ID" property="supplierId" jdbcType="BIGINT" />
    <result column="CONTRACT_AVAILABLE_BEGIN" property="contractAvailableBegin" jdbcType="DATE" />
    <result column="CONTRACT_AVAILABLE_END" property="contractAvailableEnd" jdbcType="DATE" />
    <result column="REMARK" property="remark" jdbcType="VARCHAR" />
    <result column="STATUS" property="status" jdbcType="INTEGER" />
    <result column="DELETE_FLAG" property="deleteFlag" jdbcType="INTEGER" />
    <result column="REASON" property="reason" jdbcType="VARCHAR" />
    <result column="BANK_PARENT_CODE" property="bankParentCode" jdbcType="VARCHAR" />
    <result column="BANK_PARENT_NAME" property="bankParentName" jdbcType="VARCHAR" />
    <result column="BANK_NAME" property="bankName" jdbcType="VARCHAR" />
    <result column="BANK_CODE" property="bankCode" jdbcType="VARCHAR" />
    <result column="BANK_BRANCH_NAME" property="bankBranchName" jdbcType="VARCHAR" />
    <result column="BANK_BRANCH_CODE" property="bankBranchCode" jdbcType="VARCHAR" />
    <result column="SETTLE_TYPE" property="settleType" jdbcType="INTEGER" />
    <result column="IS_PREPAY" property="isPrepay" jdbcType="INTEGER" />
    <result column="PREPAY_RATE" property="prepayRate" jdbcType="FLOAT" />
    <result column="ACCOUNT_PERIOD" property="accountPeriod" jdbcType="INTEGER" />
    <result column="BILL_DATE" property="billDate" jdbcType="VARCHAR" />
    <result column="CREATE_USER_ID" property="createUserId" jdbcType="BIGINT" />
    <result column="CREATE_USER" property="createUser" jdbcType="VARCHAR" />
    <result column="CREATE_TIME" property="createTime" jdbcType="TIMESTAMP" />
    <result column="PURCHASE_AUDIT_USER_ID" property="purchaseAuditUserId" jdbcType="BIGINT" />
    <result column="PURCHASE_AUDIT_USER" property="purchaseAuditUser" jdbcType="VARCHAR" />
    <result column="PURCHASE_AUDIT_TIME" property="purchaseAuditTime" jdbcType="TIMESTAMP" />
    <result column="FINANCIAL_AUDIT_USER_ID" property="financialAuditUserId" jdbcType="BIGINT" />
    <result column="FINANCIAL_AUDIT_USER" property="financialAuditUser" jdbcType="VARCHAR" />
    <result column="FINANCIAL_AUDIT_TIME" property="financialAuditTime" jdbcType="TIMESTAMP" />
    <result column="LAW_AUDIT_USER_ID" property="lawAuditUserId" jdbcType="BIGINT" />
    <result column="LAW_AUDIT_USER" property="lawAuditUser" jdbcType="VARCHAR" />
    <result column="LAW_AUDIT_TIME" property="lawAuditTime" jdbcType="TIMESTAMP" />
    <result column="CANCEL_USER_ID" property="cancelUserId" jdbcType="BIGINT" />
    <result column="CANCEL_USER" property="cancelUser" jdbcType="VARCHAR" />
    <result column="CANCEL_TIME" property="cancelTime" jdbcType="TIMESTAMP" />
    <result column="UPDATE_USER_ID" property="updateUserId" jdbcType="BIGINT" />
    <result column="UPDATE_USER" property="updateUser" jdbcType="VARCHAR" />
    <result column="UPDATE_TIME" property="updateTime" jdbcType="TIMESTAMP" />
    <result column="PROVINCE_ORG_CODE" property="provinceOrgCode" jdbcType="VARCHAR" />
    <result column="CITY_ORG_CODE" property="cityOrgCode" jdbcType="VARCHAR" />
    <result column="REGION_ORG_CODE" property="regionOrgCode" jdbcType="VARCHAR" />
    <result column="ORG_NAME" property="orgName" jdbcType="VARCHAR" />
    <result column="ORG_LEVEL" property="orgLevel" jdbcType="VARCHAR" />
    <result column="VERSION" property="version" jdbcType="INTEGER" />
  </resultMap>
  <resultMap id="ExtendResultMap" type="com.ule.wholesale.fxpurchase.server.dto.FXContractInfoDto" extends="BaseResultMap">
    <!-- 扩展属性 -->
    <result column="SUPPLIER_NAME" property="supplierName" jdbcType="VARCHAR" />
    <result column="COMP_NAME" property="compName" jdbcType="VARCHAR" />
  </resultMap>
  <sql id="Base_Column_List" >
    a.ID, a.CONTRACT_CODE, a.SUPPLIER_ID, a.CONTRACT_AVAILABLE_BEGIN, a.PROVINCE_ORG_CODE,a.CITY_ORG_CODE,a.REGION_ORG_CODE,a.ORG_NAME,a.ORG_LEVEL,a.VERSION,
    a.CONTRACT_AVAILABLE_END, a.REMARK, a.STATUS,a.DELETE_FLAG, a.REASON, a.BANK_PARENT_CODE, a.BANK_PARENT_NAME, 
    a.BANK_NAME, a.BANK_CODE, a.BANK_BRANCH_NAME, a.BANK_BRANCH_CODE, a.SETTLE_TYPE, a.IS_PREPAY, 
    a.PREPAY_RATE, a.ACCOUNT_PERIOD, a.BILL_DATE, a.CREATE_USER_ID, a.CREATE_USER, a.CREATE_TIME, 
    a.PURCHASE_AUDIT_USER_ID, a.PURCHASE_AUDIT_USER, a.PURCHASE_AUDIT_TIME, a.FINANCIAL_AUDIT_USER_ID, 
    a.FINANCIAL_AUDIT_USER, a.FINANCIAL_AUDIT_TIME, a.LAW_AUDIT_USER_ID, a.LAW_AUDIT_USER, a.LAW_AUDIT_TIME, 
    a.CANCEL_USER_ID, a.CANCEL_USER, a.CANCEL_TIME, a.UPDATE_USER_ID, a.UPDATE_USER, a.UPDATE_TIME
  </sql>
  <sql id="Extend_Column_List" >
    a.ID, a.CONTRACT_CODE, a.SUPPLIER_ID, a.CONTRACT_AVAILABLE_BEGIN, a.PROVINCE_ORG_CODE,a.CITY_ORG_CODE,a.REGION_ORG_CODE,a.ORG_NAME,a.ORG_LEVEL,a.VERSION,
    a.CONTRACT_AVAILABLE_END, a.REMARK, a.STATUS,a.DELETE_FLAG, a.REASON, a.BANK_PARENT_CODE, a.BANK_PARENT_NAME, 
    a.BANK_NAME, a.BANK_CODE, a.BANK_BRANCH_NAME, a.BANK_BRANCH_CODE, a.SETTLE_TYPE, a.IS_PREPAY, 
    a.PREPAY_RATE, a.ACCOUNT_PERIOD, a.BILL_DATE, a.CREATE_USER_ID, a.CREATE_USER, a.CREATE_TIME, 
    a.PURCHASE_AUDIT_USER_ID, a.PURCHASE_AUDIT_USER, a.PURCHASE_AUDIT_TIME, a.FINANCIAL_AUDIT_USER_ID, 
    a.FINANCIAL_AUDIT_USER, a.FINANCIAL_AUDIT_TIME, a.LAW_AUDIT_USER_ID, a.LAW_AUDIT_USER, a.LAW_AUDIT_TIME, 
    a.CANCEL_USER_ID, a.CANCEL_USER, a.CANCEL_TIME, a.UPDATE_USER_ID, a.UPDATE_USER, a.UPDATE_TIME,
    b.supplier_name,b.comp_name
  </sql>
  <sql id="Select_Where">
  	<if test="contractCode != null" >
    	and a.contract_code like concat(concat('%',#{contractCode,jdbcType=VARCHAR}),'%')
    </if>
    <if test="supplierName != null" >
    	and b.supplier_name like concat(concat('%',#{supplierName,jdbcType=VARCHAR}),'%')
    </if>
    <if test="supplierId != null" >
    	and a.supplier_id = #{supplierId,jdbcType=BIGINT}
    </if>
    <if test="status != null" >
    	and a.status = #{status,jdbcType=INTEGER}
    </if>
    <if test="settleType != null" >
    	and a.settle_type = #{settleType,jdbcType=INTEGER}
    </if>
    <if test="statusAttr != null" >
    	<foreach collection="statusAttr" index="index" item="status" open=" and a.status IN (" separator="," close=")">
            #{status,jdbcType=INTEGER}
        </foreach>
    </if>
    <if test="orgLevel != null" >
    	and a.org_level = #{orgLevel,jdbcType=INTEGER}
    	<if test="provinceOrgCode != null and orgLevel == 1">
    		and a.province_org_code = #{provinceOrgCode,jdbcType=VARCHAR}
    	</if>
    	<if test="cityOrgCode != null and orgLevel == 2">
    		and a.city_org_code = #{cityOrgCode,jdbcType=VARCHAR}
    	</if>
    	<if test="regionOrgCode != null and orgLevel == 3">
    		and a.region_org_code = #{regionOrgCode,jdbcType=VARCHAR}
    	</if>
    </if>
  </sql>
  <select id="selectByPrimaryKey" resultMap="BaseResultMap" parameterType="java.lang.Long" >
    select 
    <include refid="Base_Column_List" />
    from fx_contract_info a
    where ID = #{id,jdbcType=BIGINT}
  </select>
  <select id="selectDtoByPrimaryKey" resultMap="ExtendResultMap" parameterType="java.lang.Long" >
    select 
    <include refid="Extend_Column_List" />
    from fx_contract_info a , fx_supplier_info b
    where a.supplier_id = b.id and a.ID = #{id,jdbcType=BIGINT}
  </select>
  <select id="selectByParams" resultMap="ExtendResultMap" parameterType="java.util.Map" >
    select 
    <include refid="Extend_Column_List" />
    from fx_contract_info a , fx_supplier_info b
    where a.supplier_id = b.id and (a.delete_flag is null or a.delete_flag!=1)
    <include refid="Select_Where" />
  </select>
  <select id="getOrderSeq" resultType="java.lang.Integer" parameterType="java.util.Map" >
    select 
    count(1) + 1
    from fx_contract_info
    where 1=1
    <![CDATA[
    	 and create_time <= #{createTime,jdbcType=TIMESTAMP}
   		 and create_time >= #{createDate,jdbcType=TIMESTAMP}
    ]]>
  </select>
  <delete id="deleteByPrimaryKey" parameterType="java.lang.Long" >
    delete from fx_contract_info
    where ID = #{id,jdbcType=BIGINT}
  </delete>
  <insert id="insert" parameterType="com.ule.wholesale.fxpurchase.server.vo.FXContractInfo" >
    <selectKey resultType="java.lang.Long" keyProperty="id" order="BEFORE" >
      SELECT LAST_INSERT_ID()
    </selectKey>
    insert into fx_contract_info (ID, CONTRACT_CODE, SUPPLIER_ID, 
      PROVINCE_ORG_CODE,CITY_ORG_CODE,REGION_ORG_CODE,ORG_NAME,ORG_LEVEL,VERSION,CONTRACT_AVAILABLE_BEGIN, 
      CONTRACT_AVAILABLE_END, REMARK, STATUS, DELETE_FLAG,
      REASON, BANK_PARENT_CODE, BANK_PARENT_NAME, 
      BANK_NAME, BANK_CODE, BANK_BRANCH_NAME, 
      BANK_BRANCH_CODE, SETTLE_TYPE, IS_PREPAY, 
      PREPAY_RATE, ACCOUNT_PERIOD, BILL_DATE, 
      CREATE_USER_ID, CREATE_USER, CREATE_TIME, 
      PURCHASE_AUDIT_USER_ID, PURCHASE_AUDIT_USER, 
      PURCHASE_AUDIT_TIME, FINANCIAL_AUDIT_USER_ID, 
      FINANCIAL_AUDIT_USER, FINANCIAL_AUDIT_TIME, 
      LAW_AUDIT_USER_ID, LAW_AUDIT_USER, LAW_AUDIT_TIME, 
      CANCEL_USER_ID, CANCEL_USER, CANCEL_TIME, 
      UPDATE_USER_ID, UPDATE_USER, UPDATE_TIME
      )
    values (#{id,jdbcType=BIGINT}, #{contractCode,jdbcType=VARCHAR}, #{supplierId,jdbcType=BIGINT}, 
      #{provinceOrgCode,jdbcType=VARCHAR},#{cityOrgCode,jdbcType=VARCHAR},#{regionOrgCode,jdbcType=VARCHAR},#{orgName,jdbcType=VARCHAR},#{orgLevel,jdbcType=VARCHAR},#{version,jdbcType=INTEGER},#{contractAvailableBegin,jdbcType=DATE}, 
      #{contractAvailableEnd,jdbcType=DATE}, #{remark,jdbcType=VARCHAR}, #{status,jdbcType=INTEGER}, #{deleteFlag,jdbcType=INTEGER}, 
      #{reason,jdbcType=VARCHAR}, #{bankParentCode,jdbcType=VARCHAR}, #{bankParentName,jdbcType=VARCHAR}, 
      #{bankName,jdbcType=VARCHAR}, #{bankCode,jdbcType=VARCHAR}, #{bankBranchName,jdbcType=VARCHAR}, 
      #{bankBranchCode,jdbcType=VARCHAR}, #{settleType,jdbcType=INTEGER}, #{isPrepay,jdbcType=INTEGER}, 
      #{prepayRate,jdbcType=FLOAT}, #{accountPeriod,jdbcType=INTEGER}, #{billDate,jdbcType=VARCHAR}, 
      #{createUserId,jdbcType=BIGINT}, #{createUser,jdbcType=VARCHAR}, #{createTime,jdbcType=TIMESTAMP}, 
      #{purchaseAuditUserId,jdbcType=BIGINT}, #{purchaseAuditUser,jdbcType=VARCHAR}, 
      #{purchaseAuditTime,jdbcType=TIMESTAMP}, #{financialAuditUserId,jdbcType=BIGINT}, 
      #{financialAuditUser,jdbcType=VARCHAR}, #{financialAuditTime,jdbcType=TIMESTAMP}, 
      #{lawAuditUserId,jdbcType=BIGINT}, #{lawAuditUser,jdbcType=VARCHAR}, #{lawAuditTime,jdbcType=TIMESTAMP}, 
      #{cancelUserId,jdbcType=BIGINT}, #{cancelUser,jdbcType=VARCHAR}, #{cancelTime,jdbcType=TIMESTAMP}, 
      #{updateUserId,jdbcType=BIGINT}, #{updateUser,jdbcType=VARCHAR}, #{updateTime,jdbcType=TIMESTAMP}
      )
  </insert>
  <insert id="insertSelective" parameterType="com.ule.wholesale.fxpurchase.server.vo.FXContractInfo" >
    <selectKey resultType="java.lang.Long" keyProperty="id" order="AFTER" >
      SELECT LAST_INSERT_ID()
    </selectKey>
    insert into fx_contract_info
    <trim prefix="(" suffix=")" suffixOverrides="," >
      ID,
      <if test="provinceOrgCode != null" >
        PROVINCE_ORG_CODE,
      </if>
      <if test="cityOrgCode != null" >
        CITY_ORG_CODE,
      </if>
      <if test="regionOrgCode != null" >
        REGION_ORG_CODE,
      </if>
      <if test="orgName != null" >
        ORG_NAME,
      </if>
      <if test="orgLevel != null" >
        ORG_LEVEL,
      </if>
      <if test="version != null" >
        VERSION,
      </if>
      <if test="contractCode != null" >
        CONTRACT_CODE,
      </if>
      <if test="supplierId != null" >
        SUPPLIER_ID,
      </if>
      <if test="contractAvailableBegin != null" >
        CONTRACT_AVAILABLE_BEGIN,
      </if>
      <if test="contractAvailableEnd != null" >
        CONTRACT_AVAILABLE_END,
      </if>
      <if test="remark != null" >
        REMARK,
      </if>
      <if test="status != null" >
        STATUS,
      </if>
      <if test="deleteFlag != null" >
        DELETE_FLAG,
      </if>
      <if test="reason != null" >
        REASON,
      </if>
      <if test="bankParentCode != null" >
        BANK_PARENT_CODE,
      </if>
      <if test="bankParentName != null" >
        BANK_PARENT_NAME,
      </if>
      <if test="bankName != null" >
        BANK_NAME,
      </if>
      <if test="bankCode != null" >
        BANK_CODE,
      </if>
      <if test="bankBranchName != null" >
        BANK_BRANCH_NAME,
      </if>
      <if test="bankBranchCode != null" >
        BANK_BRANCH_CODE,
      </if>
      <if test="settleType != null" >
        SETTLE_TYPE,
      </if>
      <if test="isPrepay != null" >
        IS_PREPAY,
      </if>
      <if test="prepayRate != null" >
        PREPAY_RATE,
      </if>
      <if test="accountPeriod != null" >
        ACCOUNT_PERIOD,
      </if>
      <if test="billDate != null" >
        BILL_DATE,
      </if>
      <if test="createUserId != null" >
        CREATE_USER_ID,
      </if>
      <if test="createUser != null" >
        CREATE_USER,
      </if>
      <if test="createTime != null" >
        CREATE_TIME,
      </if>
      <if test="purchaseAuditUserId != null" >
        PURCHASE_AUDIT_USER_ID,
      </if>
      <if test="purchaseAuditUser != null" >
        PURCHASE_AUDIT_USER,
      </if>
      <if test="purchaseAuditTime != null" >
        PURCHASE_AUDIT_TIME,
      </if>
      <if test="financialAuditUserId != null" >
        FINANCIAL_AUDIT_USER_ID,
      </if>
      <if test="financialAuditUser != null" >
        FINANCIAL_AUDIT_USER,
      </if>
      <if test="financialAuditTime != null" >
        FINANCIAL_AUDIT_TIME,
      </if>
      <if test="lawAuditUserId != null" >
        LAW_AUDIT_USER_ID,
      </if>
      <if test="lawAuditUser != null" >
        LAW_AUDIT_USER,
      </if>
      <if test="lawAuditTime != null" >
        LAW_AUDIT_TIME,
      </if>
      <if test="cancelUserId != null" >
        CANCEL_USER_ID,
      </if>
      <if test="cancelUser != null" >
        CANCEL_USER,
      </if>
      <if test="cancelTime != null" >
        CANCEL_TIME,
      </if>
      <if test="updateUserId != null" >
        UPDATE_USER_ID,
      </if>
      <if test="updateUser != null" >
        UPDATE_USER,
      </if>
      <if test="updateTime != null" >
        UPDATE_TIME,
      </if>
    </trim>
    <trim prefix="values (" suffix=")" suffixOverrides="," >
      #{id,jdbcType=BIGINT},
      <if test="provinceOrgCode != null" >
        #{provinceOrgCode,jdbcType=VARCHAR},
      </if>
      <if test="cityOrgCode != null" >
        #{cityOrgCode,jdbcType=VARCHAR},
      </if>
      <if test="regionOrgCode != null" >
        #{regionOrgCode,jdbcType=VARCHAR},
      </if>
      <if test="orgName != null" >
        #{orgName,jdbcType=VARCHAR},
      </if>
      <if test="orgLevel != null" >
        #{orgLevel,jdbcType=VARCHAR},
      </if>
      <if test="version != null" >
        #{version,jdbcType=INTEGER},
      </if>
      <if test="contractCode != null" >
        #{contractCode,jdbcType=VARCHAR},
      </if>
      <if test="supplierId != null" >
        #{supplierId,jdbcType=BIGINT},
      </if>
      <if test="contractAvailableBegin != null" >
        #{contractAvailableBegin,jdbcType=DATE},
      </if>
      <if test="contractAvailableEnd != null" >
        #{contractAvailableEnd,jdbcType=DATE},
      </if>
      <if test="remark != null" >
        #{remark,jdbcType=VARCHAR},
      </if>
      <if test="status != null" >
        #{status,jdbcType=INTEGER},
      </if>
      <if test="deleteFlag != null" >
        #{DELETE_FLAG,jdbcType=INTEGER},
      </if>
      <if test="reason != null" >
        #{reason,jdbcType=VARCHAR},
      </if>
      <if test="bankParentCode != null" >
        #{bankParentCode,jdbcType=VARCHAR},
      </if>
      <if test="bankParentName != null" >
        #{bankParentName,jdbcType=VARCHAR},
      </if>
      <if test="bankName != null" >
        #{bankName,jdbcType=VARCHAR},
      </if>
      <if test="bankCode != null" >
        #{bankCode,jdbcType=VARCHAR},
      </if>
      <if test="bankBranchName != null" >
        #{bankBranchName,jdbcType=VARCHAR},
      </if>
      <if test="bankBranchCode != null" >
        #{bankBranchCode,jdbcType=VARCHAR},
      </if>
      <if test="settleType != null" >
        #{settleType,jdbcType=INTEGER},
      </if>
      <if test="isPrepay != null" >
        #{isPrepay,jdbcType=INTEGER},
      </if>
      <if test="prepayRate != null" >
        #{prepayRate,jdbcType=FLOAT},
      </if>
      <if test="accountPeriod != null" >
        #{accountPeriod,jdbcType=INTEGER},
      </if>
      <if test="billDate != null" >
        #{billDate,jdbcType=VARCHAR},
      </if>
      <if test="createUserId != null" >
        #{createUserId,jdbcType=BIGINT},
      </if>
      <if test="createUser != null" >
        #{createUser,jdbcType=VARCHAR},
      </if>
      <if test="createTime != null" >
        #{createTime,jdbcType=TIMESTAMP},
      </if>
      <if test="purchaseAuditUserId != null" >
        #{purchaseAuditUserId,jdbcType=BIGINT},
      </if>
      <if test="purchaseAuditUser != null" >
        #{purchaseAuditUser,jdbcType=VARCHAR},
      </if>
      <if test="purchaseAuditTime != null" >
        #{purchaseAuditTime,jdbcType=TIMESTAMP},
      </if>
      <if test="financialAuditUserId != null" >
        #{financialAuditUserId,jdbcType=BIGINT},
      </if>
      <if test="financialAuditUser != null" >
        #{financialAuditUser,jdbcType=VARCHAR},
      </if>
      <if test="financialAuditTime != null" >
        #{financialAuditTime,jdbcType=TIMESTAMP},
      </if>
      <if test="lawAuditUserId != null" >
        #{lawAuditUserId,jdbcType=BIGINT},
      </if>
      <if test="lawAuditUser != null" >
        #{lawAuditUser,jdbcType=VARCHAR},
      </if>
      <if test="lawAuditTime != null" >
        #{lawAuditTime,jdbcType=TIMESTAMP},
      </if>
      <if test="cancelUserId != null" >
        #{cancelUserId,jdbcType=BIGINT},
      </if>
      <if test="cancelUser != null" >
        #{cancelUser,jdbcType=VARCHAR},
      </if>
      <if test="cancelTime != null" >
        #{cancelTime,jdbcType=TIMESTAMP},
      </if>
      <if test="updateUserId != null" >
        #{updateUserId,jdbcType=BIGINT},
      </if>
      <if test="updateUser != null" >
        #{updateUser,jdbcType=VARCHAR},
      </if>
      <if test="updateTime != null" >
        #{updateTime,jdbcType=TIMESTAMP},
      </if>
    </trim>
  </insert>
  <update id="updateByPrimaryKeySelective" parameterType="com.ule.wholesale.fxpurchase.server.vo.FXContractInfo" >
    update fx_contract_info
    <set >
      <if test="provinceOrgCode != null" >
        PROVINCE_ORG_CODE = #{provinceOrgCode,jdbcType=VARCHAR},
      </if>
      <if test="cityOrgCode != null" >
        CITY_ORG_CODE = #{cityOrgCode,jdbcType=VARCHAR},
      </if>
      <if test="regionOrgCode != null" >
        REGION_ORG_CODE = #{regionOrgCode,jdbcType=VARCHAR},
      </if>
      <if test="orgName != null" >
        ORG_NAME = #{orgName,jdbcType=VARCHAR},
      </if>
      <if test="orgLevel != null" >
        ORG_LEVEL = #{orgLevel,jdbcType=VARCHAR},
      </if>
      <if test="version != null" >
        VERSION = #{version,jdbcType=INTEGER},
      </if>
      <if test="contractCode != null" >
        CONTRACT_CODE = #{contractCode,jdbcType=VARCHAR},
      </if>
      <if test="supplierId != null" >
        SUPPLIER_ID = #{supplierId,jdbcType=BIGINT},
      </if>
      <if test="contractAvailableBegin != null" >
        CONTRACT_AVAILABLE_BEGIN = #{contractAvailableBegin,jdbcType=DATE},
      </if>
      <if test="contractAvailableEnd != null" >
        CONTRACT_AVAILABLE_END = #{contractAvailableEnd,jdbcType=DATE},
      </if>
      <if test="remark != null" >
        REMARK = #{remark,jdbcType=VARCHAR},
      </if>
      <if test="status != null" >
        STATUS = #{status,jdbcType=INTEGER},
      </if>
      <if test="deleteFlag != null" >
        DELETE_FLAG = #{deleteFlag,jdbcType=INTEGER},
      </if>
      <if test="reason != null" >
        REASON = #{reason,jdbcType=VARCHAR},
      </if>
      <if test="bankParentCode != null" >
        BANK_PARENT_CODE = #{bankParentCode,jdbcType=VARCHAR},
      </if>
      <if test="bankParentName != null" >
        BANK_PARENT_NAME = #{bankParentName,jdbcType=VARCHAR},
      </if>
      <if test="bankName != null" >
        BANK_NAME = #{bankName,jdbcType=VARCHAR},
      </if>
      <if test="bankCode != null" >
        BANK_CODE = #{bankCode,jdbcType=VARCHAR},
      </if>
      <if test="bankBranchName != null" >
        BANK_BRANCH_NAME = #{bankBranchName,jdbcType=VARCHAR},
      </if>
      <if test="bankBranchCode != null" >
        BANK_BRANCH_CODE = #{bankBranchCode,jdbcType=VARCHAR},
      </if>
      <if test="settleType != null" >
        SETTLE_TYPE = #{settleType,jdbcType=INTEGER},
      </if>
      <if test="isPrepay != null" >
        IS_PREPAY = #{isPrepay,jdbcType=INTEGER},
      </if>
      <if test="prepayRate != null" >
        PREPAY_RATE = #{prepayRate,jdbcType=FLOAT},
      </if>
      <if test="accountPeriod != null" >
        ACCOUNT_PERIOD = #{accountPeriod,jdbcType=INTEGER},
      </if>
      <if test="billDate != null" >
        BILL_DATE = #{billDate,jdbcType=VARCHAR},
      </if>
      <if test="createUserId != null" >
        CREATE_USER_ID = #{createUserId,jdbcType=BIGINT},
      </if>
      <if test="createUser != null" >
        CREATE_USER = #{createUser,jdbcType=VARCHAR},
      </if>
      <if test="createTime != null" >
        CREATE_TIME = #{createTime,jdbcType=TIMESTAMP},
      </if>
      <if test="purchaseAuditUserId != null" >
        PURCHASE_AUDIT_USER_ID = #{purchaseAuditUserId,jdbcType=BIGINT},
      </if>
      <if test="purchaseAuditUser != null" >
        PURCHASE_AUDIT_USER = #{purchaseAuditUser,jdbcType=VARCHAR},
      </if>
      <if test="purchaseAuditTime != null" >
        PURCHASE_AUDIT_TIME = #{purchaseAuditTime,jdbcType=TIMESTAMP},
      </if>
      <if test="financialAuditUserId != null" >
        FINANCIAL_AUDIT_USER_ID = #{financialAuditUserId,jdbcType=BIGINT},
      </if>
      <if test="financialAuditUser != null" >
        FINANCIAL_AUDIT_USER = #{financialAuditUser,jdbcType=VARCHAR},
      </if>
      <if test="financialAuditTime != null" >
        FINANCIAL_AUDIT_TIME = #{financialAuditTime,jdbcType=TIMESTAMP},
      </if>
      <if test="lawAuditUserId != null" >
        LAW_AUDIT_USER_ID = #{lawAuditUserId,jdbcType=BIGINT},
      </if>
      <if test="lawAuditUser != null" >
        LAW_AUDIT_USER = #{lawAuditUser,jdbcType=VARCHAR},
      </if>
      <if test="lawAuditTime != null" >
        LAW_AUDIT_TIME = #{lawAuditTime,jdbcType=TIMESTAMP},
      </if>
      <if test="cancelUserId != null" >
        CANCEL_USER_ID = #{cancelUserId,jdbcType=BIGINT},
      </if>
      <if test="cancelUser != null" >
        CANCEL_USER = #{cancelUser,jdbcType=VARCHAR},
      </if>
      <if test="cancelTime != null" >
        CANCEL_TIME = #{cancelTime,jdbcType=TIMESTAMP},
      </if>
      <if test="updateUserId != null" >
        UPDATE_USER_ID = #{updateUserId,jdbcType=BIGINT},
      </if>
      <if test="updateUser != null" >
        UPDATE_USER = #{updateUser,jdbcType=VARCHAR},
      </if>
      <if test="updateTime != null" >
        UPDATE_TIME = #{updateTime,jdbcType=TIMESTAMP},
      </if>
    </set>
    where ID = #{id,jdbcType=BIGINT}
  </update>
  <update id="updateByPrimaryKey" parameterType="com.ule.wholesale.fxpurchase.server.vo.FXContractInfo" >
    update fx_contract_info
    set CONTRACT_CODE = #{contractCode,jdbcType=VARCHAR},
      PROVINCE_ORG_CODE = #{provinceOrgCode,jdbcType=VARCHAR},
      CITY_ORG_CODE = #{cityOrgCode,jdbcType=VARCHAR},
      REGION_ORG_CODE = #{regionOrgCode,jdbcType=VARCHAR},
      ORG_NAME = #{orgName,jdbcType=VARCHAR},
      ORG_LEVEL = #{orgLevel,jdbcType=VARCHAR},
      VERSION = #{version,jdbcType=INTEGER},
      SUPPLIER_ID = #{supplierId,jdbcType=BIGINT},
      CONTRACT_AVAILABLE_BEGIN = #{contractAvailableBegin,jdbcType=DATE},
      CONTRACT_AVAILABLE_END = #{contractAvailableEnd,jdbcType=DATE},
      REMARK = #{remark,jdbcType=VARCHAR},
      STATUS = #{status,jdbcType=DECIMAL},
      DELETE_FLAG = #{deleteFlag,jdbcType=DECIMAL},
      REASON = #{reason,jdbcType=VARCHAR},
      BANK_PARENT_CODE = #{bankParentCode,jdbcType=VARCHAR},
      BANK_PARENT_NAME = #{bankParentName,jdbcType=VARCHAR},
      BANK_NAME = #{bankName,jdbcType=VARCHAR},
      BANK_CODE = #{bankCode,jdbcType=VARCHAR},
      BANK_BRANCH_NAME = #{bankBranchName,jdbcType=VARCHAR},
      BANK_BRANCH_CODE = #{bankBranchCode,jdbcType=VARCHAR},
      SETTLE_TYPE = #{settleType,jdbcType=INTEGER},
      IS_PREPAY = #{isPrepay,jdbcType=INTEGER},
      PREPAY_RATE = #{prepayRate,jdbcType=FLOAT},
      ACCOUNT_PERIOD = #{accountPeriod,jdbcType=INTEGER},
      BILL_DATE = #{billDate,jdbcType=VARCHAR},
      CREATE_USER_ID = #{createUserId,jdbcType=BIGINT},
      CREATE_USER = #{createUser,jdbcType=VARCHAR},
      CREATE_TIME = #{createTime,jdbcType=TIMESTAMP},
      PURCHASE_AUDIT_USER_ID = #{purchaseAuditUserId,jdbcType=BIGINT},
      PURCHASE_AUDIT_USER = #{purchaseAuditUser,jdbcType=VARCHAR},
      PURCHASE_AUDIT_TIME = #{purchaseAuditTime,jdbcType=TIMESTAMP},
      FINANCIAL_AUDIT_USER_ID = #{financialAuditUserId,jdbcType=BIGINT},
      FINANCIAL_AUDIT_USER = #{financialAuditUser,jdbcType=VARCHAR},
      FINANCIAL_AUDIT_TIME = #{financialAuditTime,jdbcType=TIMESTAMP},
      LAW_AUDIT_USER_ID = #{lawAuditUserId,jdbcType=BIGINT},
      LAW_AUDIT_USER = #{lawAuditUser,jdbcType=VARCHAR},
      LAW_AUDIT_TIME = #{lawAuditTime,jdbcType=TIMESTAMP},
      CANCEL_USER_ID = #{cancelUserId,jdbcType=BIGINT},
      CANCEL_USER = #{cancelUser,jdbcType=VARCHAR},
      CANCEL_TIME = #{cancelTime,jdbcType=TIMESTAMP},
      UPDATE_USER_ID = #{updateUserId,jdbcType=BIGINT},
      UPDATE_USER = #{updateUser,jdbcType=VARCHAR},
      UPDATE_TIME = #{updateTime,jdbcType=TIMESTAMP}
    where ID = #{id,jdbcType=BIGINT}
  </update>
</mapper>