<?xml version="1.0" encoding="UTF-8"?>
<!DOCTYPE mapper PUBLIC "-//mybatis.org//DTD Mapper 3.0//EN" "http://mybatis.org/dtd/mybatis-3-mapper.dtd">
<mapper namespace="com.ule.wholesale.fxpurchase.server.mapper.FXContractItemListMapper">
  <resultMap id="BaseResultMap" type="com.ule.wholesale.fxpurchase.server.vo.FXContractItemList">
    <!--
      WARNING - @mbggenerated
      This element is automatically generated by MyBatis Generator, do not modify.
    -->
    <id column="ID" jdbcType="BIGINT" property="id" />
    <result column="CONTRACT_ID" jdbcType="BIGINT" property="contractId" />
    <result column="CONTRACT_CODE" jdbcType="VARCHAR" property="contractCode" />
    <result column="ITEM_ID" jdbcType="BIGINT" property="itemId" />
    <result column="MERCHANT_ID" jdbcType="BIGINT" property="merchantId" />
    <result column="SKU" jdbcType="VARCHAR" property="sku" />
    <result column="ITEM_NAME" jdbcType="VARCHAR" property="itemName" />
    <result column="AVAILABLE_BEGIN" jdbcType="DATE" property="availableBegin" />
    <result column="AVAILABLE_END" jdbcType="DATE" property="availableEnd" />
    <result column="STOP_DATE" jdbcType="DATE" property="stopDate" />
    <result column="UNIT" jdbcType="VARCHAR" property="unit" />
    <result column="NUM" jdbcType="INTEGER" property="num" />
    <result column="DELETE_FLAG" jdbcType="INTEGER" property="deleteFlag" />
    <result column="TAX_RATE" jdbcType="FLOAT" property="taxRate" />
    <result column="TAX_PRICE" jdbcType="DECIMAL" property="taxPrice" />
    <result column="CREATE_TIME" jdbcType="TIMESTAMP" property="createTime" />
    <result column="CREATE_USER_ID" jdbcType="BIGINT" property="createUserId" />
    <result column="CREATE_USER" jdbcType="VARCHAR" property="createUser" />
    <result column="UPDATE_TIME" jdbcType="TIMESTAMP" property="updateTime" />
    <result column="UPDATE_USER_ID" jdbcType="BIGINT" property="updateUserId" />
    <result column="UPDATE_USER" jdbcType="VARCHAR" property="updateUser" />
  </resultMap>
  <sql id="Base_Column_List">
    <!--
      WARNING - @mbggenerated
      This element is automatically generated by MyBatis Generator, do not modify.
    -->
    ID,CONTRACT_ID, CONTRACT_CODE, ITEM_ID,MERCHANT_ID, SKU, ITEM_NAME, AVAILABLE_BEGIN, AVAILABLE_END, STOP_DATE, 
    UNIT, NUM,DELETE_FLAG, TAX_RATE, TAX_PRICE, CREATE_TIME, CREATE_USER_ID, CREATE_USER, UPDATE_TIME, 
    UPDATE_USER_ID, UPDATE_USER
  </sql>
  <select id="selectByPrimaryKey" parameterType="java.lang.Long" resultMap="BaseResultMap">
    <!--
      WARNING - @mbggenerated
      This element is automatically generated by MyBatis Generator, do not modify.
    -->
    select 
    <include refid="Base_Column_List" />
    from fx_contract_item_list
    where ID = #{id,jdbcType=BIGINT}
  </select>
  <select id="selectByContractId" parameterType="java.lang.Long" resultMap="BaseResultMap">
    select 
    <include refid="Base_Column_List" />
    from fx_contract_item_list 
    where (delete_flag is null or delete_flag != 1) and CONTRACT_ID = #{contractId,jdbcType=BIGINT}
  </select>
  <select id="selectByContractIdAndItemId" parameterType="java.lang.Long" resultMap="BaseResultMap">
    select 
    <include refid="Base_Column_List" />
    from fx_contract_item_list
    where CONTRACT_ID = #{contractId,jdbcType=BIGINT}
    and ITEM_ID = #{itemId,jdbcType=BIGINT}
    order by AVAILABLE_BEGIN asc;
  </select>
  <select id="selectEffectiveItemList" parameterType="java.lang.Long" resultMap="BaseResultMap">
    SELECT l.* FROM `fx_contract_info` c INNER JOIN fx_contract_item_list l ON c.id = l.CONTRACT_ID 
    WHERE c.`STATUS` = 6  and c.SUPPLIER_ID = #{supplierId,jdbcType=BIGINT} 
    <![CDATA[
    	AND l.AVAILABLE_BEGIN <= CURDATE() AND l.AVAILABLE_END >= CURDATE() 
    ]]>
      <if test="merchantId != null">
        and MERCHANT_ID = #{merchantId,jdbcType=BIGINT} 
      </if>
      <if test="itemId != null">
        and ITEM_ID = #{itemId,jdbcType=BIGINT} 
      </if>
      <if test="itemName != null">
        and ITEM_NAME like CONCAT('%',#{itemName},'%')
      </if>
  </select>
  <select id="selectEffectiveItemListByContractId" parameterType="java.lang.Long" resultMap="BaseResultMap">
    SELECT l.* FROM `fx_contract_info` c INNER JOIN fx_contract_item_list l ON c.id = l.CONTRACT_ID 
    WHERE c.`STATUS` = 6  and c.id = #{contractId,jdbcType=BIGINT} and (l.delete_flag is null or l.delete_flag!=1)
    <![CDATA[
    	AND l.AVAILABLE_BEGIN <= CURDATE() AND l.AVAILABLE_END >= CURDATE() 
    ]]>
      <if test="itemId != null">
        and ITEM_ID = #{itemId,jdbcType=BIGINT} 
      </if>
      <if test="itemName != null">
        and ITEM_NAME like CONCAT('%',#{itemName},'%')
      </if>
  </select>
  <select id="getPageByParams" parameterType="java.lang.Long" resultMap="BaseResultMap">
    select 
    <include refid="Base_Column_List" />
    from fx_contract_item_list 
    where 1=1 and CONTRACT_ID = #{contractId,jdbcType=BIGINT}
    <if test="itemId != null">
      and ITEM_ID = #{itemId,jdbcType=BIGINT} 
    </if>
    <if test="itemName != null">
      and ITEM_NAME like CONCAT('%',#{itemName},'%')
    </if>
    <choose>
      <when test="deleteFlag == null">
        and (DELETE_FLAG is null or DELETE_FLAG != 1)
      </when>
      <otherwise>
      </otherwise>
    </choose>
  </select>
  <delete id="deleteByPrimaryKey" parameterType="java.lang.Long">
    <!--
      WARNING - @mbggenerated
      This element is automatically generated by MyBatis Generator, do not modify.
    -->
    delete from fx_contract_item_list
    where ID = #{id,jdbcType=BIGINT}
  </delete>
  <insert id="insert" parameterType="com.ule.wholesale.fxpurchase.server.vo.FXContractItemList">
    <!--
      WARNING - @mbggenerated
      This element is automatically generated by MyBatis Generator, do not modify.
    -->
    <selectKey keyProperty="id" order="AFTER" resultType="java.lang.Long">
      SELECT LAST_INSERT_ID()
    </selectKey>
    insert into fx_contract_item_list (ID,CONTRACT_ID, CONTRACT_CODE, ITEM_ID, MERCHANT_ID,
      SKU, ITEM_NAME, AVAILABLE_BEGIN, 
      AVAILABLE_END, STOP_DATE, UNIT, 
      NUM,DELETE_FLAG, TAX_RATE, TAX_PRICE, 
      CREATE_TIME, CREATE_USER_ID, CREATE_USER, 
      UPDATE_TIME, UPDATE_USER_ID, UPDATE_USER
      )
    values (#{id,jdbcType=BIGINT},#{contractId,jdbcType=BIGINT}, #{contractCode,jdbcType=VARCHAR}, #{itemId,jdbcType=BIGINT},#{merchantId,jdbcType=BIGINT},
      #{sku,jdbcType=VARCHAR}, #{itemName,jdbcType=VARCHAR}, #{availableBegin,jdbcType=DATE}, 
      #{availableEnd,jdbcType=DATE}, #{stopDate,jdbcType=DATE}, #{unit,jdbcType=VARCHAR}, 
      #{num,jdbcType=INTEGER},#{deleteFlag,jdbcType=INTEGER}, #{taxRate,jdbcType=FLOAT}, #{taxPrice,jdbcType=DECIMAL}, 
      #{createTime,jdbcType=TIMESTAMP}, #{createUserId,jdbcType=BIGINT}, #{createUser,jdbcType=VARCHAR}, 
      #{updateTime,jdbcType=TIMESTAMP}, #{updateUserId,jdbcType=BIGINT}, #{updateUser,jdbcType=VARCHAR}
      )
  </insert>
  <insert id="insertSelective" parameterType="com.ule.wholesale.fxpurchase.server.vo.FXContractItemList">
    <!--
      WARNING - @mbggenerated
      This element is automatically generated by MyBatis Generator, do not modify.
    -->
    <selectKey keyProperty="id" order="AFTER" resultType="java.lang.Long">
      SELECT LAST_INSERT_ID()
    </selectKey>
    insert into fx_contract_item_list
    <trim prefix="(" suffix=")" suffixOverrides=",">
      ID,
      <if test="contractId != null">
        CONTRACT_ID,
      </if>
      <if test="contractCode != null">
        CONTRACT_CODE,
      </if>
      <if test="itemId != null">
        ITEM_ID,
      </if>
      <if test="merchantId != null">
        MERCHANT_ID,
      </if>
      <if test="sku != null">
        SKU,
      </if>
      <if test="itemName != null">
        ITEM_NAME,
      </if>
      <if test="availableBegin != null">
        AVAILABLE_BEGIN,
      </if>
      <if test="availableEnd != null">
        AVAILABLE_END,
      </if>
      <if test="stopDate != null">
        STOP_DATE,
      </if>
      <if test="unit != null">
        UNIT,
      </if>
      <if test="num != null">
        NUM,
      </if>
      <if test="deleteFlag != null">
        DELETE_FLAG,
      </if>
      <if test="taxRate != null">
        TAX_RATE,
      </if>
      <if test="taxPrice != null">
        TAX_PRICE,
      </if>
      <if test="createTime != null">
        CREATE_TIME,
      </if>
      <if test="createUserId != null">
        CREATE_USER_ID,
      </if>
      <if test="createUser != null">
        CREATE_USER,
      </if>
      <if test="updateTime != null">
        UPDATE_TIME,
      </if>
      <if test="updateUserId != null">
        UPDATE_USER_ID,
      </if>
      <if test="updateUser != null">
        UPDATE_USER,
      </if>
    </trim>
    <trim prefix="values (" suffix=")" suffixOverrides=",">
      #{id,jdbcType=BIGINT},
      <if test="contractId != null">
        #{contractId,jdbcType=BIGINT},
      </if>
      <if test="contractCode != null">
        #{contractCode,jdbcType=VARCHAR},
      </if>
      <if test="itemId != null">
        #{itemId,jdbcType=BIGINT},
      </if>
      <if test="merchantId != null">
        #{merchantId,jdbcType=BIGINT},
      </if>
      <if test="sku != null">
        #{sku,jdbcType=VARCHAR},
      </if>
      <if test="itemName != null">
        #{itemName,jdbcType=VARCHAR},
      </if>
      <if test="availableBegin != null">
        #{availableBegin,jdbcType=DATE},
      </if>
      <if test="availableEnd != null">
        #{availableEnd,jdbcType=DATE},
      </if>
      <if test="stopDate != null">
        #{stopDate,jdbcType=DATE},
      </if>
      <if test="unit != null">
        #{unit,jdbcType=VARCHAR},
      </if>
      <if test="num != null">
        #{num,jdbcType=INTEGER},
      </if>
      <if test="deleteFlag != null">
        #{deleteFlag,jdbcType=INTEGER},
      </if>
      <if test="taxRate != null">
        #{taxRate,jdbcType=FLOAT},
      </if>
      <if test="taxPrice != null">
        #{taxPrice,jdbcType=DECIMAL},
      </if>
      <if test="createTime != null">
        #{createTime,jdbcType=TIMESTAMP},
      </if>
      <if test="createUserId != null">
        #{createUserId,jdbcType=BIGINT},
      </if>
      <if test="createUser != null">
        #{createUser,jdbcType=VARCHAR},
      </if>
      <if test="updateTime != null">
        #{updateTime,jdbcType=TIMESTAMP},
      </if>
      <if test="updateUserId != null">
        #{updateUserId,jdbcType=BIGINT},
      </if>
      <if test="updateUser != null">
        #{updateUser,jdbcType=VARCHAR},
      </if>
    </trim>
  </insert>
  <update id="updateByPrimaryKeySelective" parameterType="com.ule.wholesale.fxpurchase.server.vo.FXContractItemList">
    <!--
      WARNING - @mbggenerated
      This element is automatically generated by MyBatis Generator, do not modify.
    -->
    update fx_contract_item_list
    <set>
      <if test="contractId != null">
        CONTRACT_ID = #{contractId,jdbcType=BIGINT},
      </if>
      <if test="contractCode != null">
        CONTRACT_CODE = #{contractCode,jdbcType=VARCHAR},
      </if>
      <if test="itemId != null">
        ITEM_ID = #{itemId,jdbcType=BIGINT},
      </if>
      <if test="merchantId != null">
        MERCHANT_ID = #{merchantId,jdbcType=BIGINT},
      </if>
      <if test="sku != null">
        SKU = #{sku,jdbcType=VARCHAR},
      </if>
      <if test="itemName != null">
        ITEM_NAME = #{itemName,jdbcType=VARCHAR},
      </if>
      <if test="availableBegin != null">
        AVAILABLE_BEGIN = #{availableBegin,jdbcType=DATE},
      </if>
      <if test="availableEnd != null">
        AVAILABLE_END = #{availableEnd,jdbcType=DATE},
      </if>
      <if test="stopDate != null">
        STOP_DATE = #{stopDate,jdbcType=DATE},
      </if>
      <if test="unit != null">
        UNIT = #{unit,jdbcType=VARCHAR},
      </if>
      <if test="num != null">
        NUM = #{num,jdbcType=INTEGER},
      </if>
      <if test="deleteFlag != null">
        DELETE_FLAG = #{deleteFlag,jdbcType=INTEGER},
      </if>
      <if test="taxRate != null">
        TAX_RATE = #{taxRate,jdbcType=FLOAT},
      </if>
      <if test="taxPrice != null">
        TAX_PRICE = #{taxPrice,jdbcType=DECIMAL},
      </if>
      <if test="createTime != null">
        CREATE_TIME = #{createTime,jdbcType=TIMESTAMP},
      </if>
      <if test="createUserId != null">
        CREATE_USER_ID = #{createUserId,jdbcType=BIGINT},
      </if>
      <if test="createUser != null">
        CREATE_USER = #{createUser,jdbcType=VARCHAR},
      </if>
      <if test="updateTime != null">
        UPDATE_TIME = #{updateTime,jdbcType=TIMESTAMP},
      </if>
      <if test="updateUserId != null">
        UPDATE_USER_ID = #{updateUserId,jdbcType=BIGINT},
      </if>
      <if test="updateUser != null">
        UPDATE_USER = #{updateUser,jdbcType=VARCHAR},
      </if>
    </set>
    where ID = #{id,jdbcType=BIGINT}
  </update>
  <update id="updateByPrimaryKey" parameterType="com.ule.wholesale.fxpurchase.server.vo.FXContractItemList">
    <!--
      WARNING - @mbggenerated
      This element is automatically generated by MyBatis Generator, do not modify.
    -->
    update fx_contract_item_list
    set CONTRACT_CODE = #{contractCode,jdbcType=VARCHAR},
    	CONTRACT_ID = #{contractId,jdbcType=BIGINT},
      ITEM_ID = #{itemId,jdbcType=BIGINT},
      MERCHANT_ID = #{merchantId,jdbcType=BIGINT},
      SKU = #{sku,jdbcType=VARCHAR},
      ITEM_NAME = #{itemName,jdbcType=VARCHAR},
      AVAILABLE_BEGIN = #{availableBegin,jdbcType=DATE},
      AVAILABLE_END = #{availableEnd,jdbcType=DATE},
      STOP_DATE = #{stopDate,jdbcType=DATE},
      UNIT = #{unit,jdbcType=VARCHAR},
      NUM = #{num,jdbcType=INTEGER},
      DELETE_FLAG = #{deleteFlag,jdbcType=INTEGER},
      TAX_RATE = #{taxRate,jdbcType=FLOAT},
      TAX_PRICE = #{taxPrice,jdbcType=DECIMAL},
      CREATE_TIME = #{createTime,jdbcType=TIMESTAMP},
      CREATE_USER_ID = #{createUserId,jdbcType=BIGINT},
      CREATE_USER = #{createUser,jdbcType=VARCHAR},
      UPDATE_TIME = #{updateTime,jdbcType=TIMESTAMP},
      UPDATE_USER_ID = #{updateUserId,jdbcType=BIGINT},
      UPDATE_USER = #{updateUser,jdbcType=VARCHAR}
    where ID = #{id,jdbcType=BIGINT}
  </update>
</mapper>