<?xml version="1.0" encoding="UTF-8"?>
<!DOCTYPE mapper PUBLIC "-//mybatis.org//DTD Mapper 3.0//EN" "http://mybatis.org/dtd/mybatis-3-mapper.dtd">
<mapper namespace="com.ule.wholesale.fxpurchase.server.mapper.FXContractItemChangeMapper">
  <resultMap id="BaseResultMap" type="com.ule.wholesale.fxpurchase.server.vo.FXContractItemChange">
    <!--
      WARNING - @mbggenerated
      This element is automatically generated by MyBatis Generator, do not modify.
    -->
    <id column="ID" jdbcType="BIGINT" property="id" />
    <result column="CHANGE_PAPER_CODE" jdbcType="VARCHAR" property="changePaperCode" />
    <result column="ITEM_ID" jdbcType="BIGINT" property="itemId" />
    <result column="MERCHANT_ID" jdbcType="BIGINT" property="merchantId" />
    <result column="CHANGE_PAPER_ID" jdbcType="BIGINT" property="changePaperId" />
    <result column="ITEM_NAME" jdbcType="VARCHAR" property="itemName" />
    <result column="UNIT" jdbcType="VARCHAR" property="unit" />
    <result column="SKU" jdbcType="VARCHAR" property="sku" />
    <result column="NUM" jdbcType="INTEGER" property="num" />
    <result column="TAX_RATE" jdbcType="FLOAT" property="taxRate" />
    <result column="TAX_PRICE" jdbcType="DECIMAL" property="taxPrice" />
    <result column="PRE_TAX_RATE" jdbcType="FLOAT" property="preTaxRate" />
    <result column="PRE_TAX_PRICE" jdbcType="DECIMAL" property="preTaxPrice" />
    <result column="CREATE_TIME" jdbcType="TIMESTAMP" property="createTime" />
    <result column="CREATE_USER" jdbcType="VARCHAR" property="createUser" />
    <result column="CREATE_USER_ID" jdbcType="BIGINT" property="createUserId" />
    <result column="UPDATE_TIME" jdbcType="TIMESTAMP" property="updateTime" />
    <result column="UPDATE_USER" jdbcType="VARCHAR" property="updateUser" />
    <result column="UPDATE_USER_ID" jdbcType="BIGINT" property="updateUserId" />
  </resultMap>
  <sql id="Base_Column_List">
    ID, CHANGE_PAPER_CODE, ITEM_ID,MERCHANT_ID,CHANGE_PAPER_ID, ITEM_NAME, UNIT,SKU, NUM, TAX_RATE, TAX_PRICE,PRE_TAX_RATE, PRE_TAX_PRICE, CREATE_TIME, 
    CREATE_USER, CREATE_USER_ID, UPDATE_TIME, UPDATE_USER, UPDATE_USER_ID
  </sql>
  <select id="selectByPrimaryKey" parameterType="java.lang.Long" resultMap="BaseResultMap">
    select 
    <include refid="Base_Column_List" />
    from fx_contract_item_change
    where ID = #{id,jdbcType=BIGINT}
  </select>
  <select id="selectByChangePaperIdAndItemId" parameterType="java.lang.Long" resultMap="BaseResultMap">
    select 
    <include refid="Base_Column_List" />
    from fx_contract_item_change
    where change_paper_id = #{changePaperId,jdbcType=BIGINT} 
    and item_id = #{itemId,jdbcType=BIGINT}
  </select>
  <select id="selectByChangePaperId" parameterType="java.lang.Long" resultMap="BaseResultMap">
    select 
    <include refid="Base_Column_List" />
    from fx_contract_item_change
    where CHANGE_PAPER_ID = #{changePaperId,jdbcType=BIGINT}
  </select>
  <delete id="deleteByPrimaryKey" parameterType="java.lang.Long">
    <!--
      WARNING - @mbggenerated
      This element is automatically generated by MyBatis Generator, do not modify.
    -->
    delete from fx_contract_item_change
    where ID = #{id,jdbcType=BIGINT}
  </delete>
  <delete id="deleteByChangePaperId" parameterType="java.lang.Long">
    delete from fx_contract_item_change
    where CHANGE_PAPER_ID = #{changePaperId,jdbcType=BIGINT}
  </delete>
  <insert id="insert" parameterType="com.ule.wholesale.fxpurchase.server.vo.FXContractItemChange">
    <!--
      WARNING - @mbggenerated
      This element is automatically generated by MyBatis Generator, do not modify.
    -->
    <selectKey keyProperty="id" order="AFTER" resultType="java.lang.Long">
      SELECT LAST_INSERT_ID()
    </selectKey>
    insert into fx_contract_item_change (ID, CHANGE_PAPER_CODE, ITEM_ID,MERCHANT_ID, CHANGE_PAPER_ID,
      ITEM_NAME, UNIT,SKU, NUM, 
      TAX_RATE, TAX_PRICE,PRE_TAX_RATE, PRE_TAX_PRICE, CREATE_TIME, 
      CREATE_USER, CREATE_USER_ID, UPDATE_TIME, 
      UPDATE_USER, UPDATE_USER_ID)
    values (#{id,jdbcType=BIGINT}, #{changePaperCode,jdbcType=VARCHAR}, #{itemId,jdbcType=BIGINT}, #{merchantId,jdbcType=BIGINT}, #{changePaperId,jdbcType=BIGINT},
      #{itemName,jdbcType=VARCHAR}, #{unit,jdbcType=VARCHAR},#{sku,jdbcType=VARCHAR}, #{num,jdbcType=INTEGER}, 
      #{taxRate,jdbcType=FLOAT}, #{taxPrice,jdbcType=DECIMAL},#{preTaxRate,jdbcType=FLOAT}, #{preTaxPrice,jdbcType=DECIMAL}, #{createTime,jdbcType=TIMESTAMP}, 
      #{createUser,jdbcType=VARCHAR}, #{createUserId,jdbcType=BIGINT}, #{updateTime,jdbcType=TIMESTAMP}, 
      #{updateUser,jdbcType=VARCHAR}, #{updateUserId,jdbcType=BIGINT})
  </insert>
  <insert id="insertSelective" parameterType="com.ule.wholesale.fxpurchase.server.vo.FXContractItemChange">
    <!--
      WARNING - @mbggenerated
      This element is automatically generated by MyBatis Generator, do not modify.
    -->
    <selectKey keyProperty="id" order="AFTER" resultType="java.lang.Long">
      SELECT LAST_INSERT_ID()
    </selectKey>
    insert into fx_contract_item_change
    <trim prefix="(" suffix=")" suffixOverrides=",">
      ID,
      <if test="changePaperCode != null">
        CHANGE_PAPER_CODE,
      </if>
      <if test="itemId != null">
        ITEM_ID,
      </if>
      <if test="merchantId != null">
        MERCHANT_ID,
      </if>
      <if test="changePaperId != null">
        CHANGE_PAPER_ID,
      </if>
      <if test="itemName != null">
        ITEM_NAME,
      </if>
      <if test="unit != null">
        UNIT,
      </if>
      <if test="sku != null">
        SKU,
      </if>
      <if test="num != null">
        NUM,
      </if>
      <if test="taxRate != null">
        TAX_RATE,
      </if>
      <if test="taxPrice != null">
        TAX_PRICE,
      </if>
      <if test="preTaxRate != null">
        PRE_TAX_RATE,
      </if>
      <if test="perTaxPrice != null">
        PRE_TAX_PRICE,
      </if>
      <if test="createTime != null">
        CREATE_TIME,
      </if>
      <if test="createUser != null">
        CREATE_USER,
      </if>
      <if test="createUserId != null">
        CREATE_USER_ID,
      </if>
      <if test="updateTime != null">
        UPDATE_TIME,
      </if>
      <if test="updateUser != null">
        UPDATE_USER,
      </if>
      <if test="updateUserId != null">
        UPDATE_USER_ID,
      </if>
    </trim>
    <trim prefix="values (" suffix=")" suffixOverrides=",">
      #{id,jdbcType=BIGINT},
      <if test="changePaperCode != null">
        #{changePaperCode,jdbcType=VARCHAR},
      </if>
      <if test="itemId != null">
        #{itemId,jdbcType=BIGINT},
      </if>
      <if test="merchantId != null">
        #{merchantId,jdbcType=BIGINT},
      </if>
      <if test="changePaperId != null">
        #{changePaperId,jdbcType=BIGINT},
      </if>
      <if test="itemName != null">
        #{itemName,jdbcType=VARCHAR},
      </if>
      <if test="unit != null">
        #{unit,jdbcType=VARCHAR},
      </if>
      <if test="sku != null">
        #{sku,jdbcType=VARCHAR},
      </if>
      <if test="num != null">
        #{num,jdbcType=INTEGER},
      </if>
      <if test="taxRate != null">
        #{taxRate,jdbcType=FLOAT},
      </if>
      <if test="taxPrice != null">
        #{taxPrice,jdbcType=DECIMAL},
      </if>
      <if test="preTaxRate != null">
        #{preTaxRate,jdbcType=FLOAT},
      </if>
      <if test="preTaxPrice != null">
        #{preTaxPrice,jdbcType=DECIMAL},
      </if>
      <if test="createTime != null">
        #{createTime,jdbcType=TIMESTAMP},
      </if>
      <if test="createUser != null">
        #{createUser,jdbcType=VARCHAR},
      </if>
      <if test="createUserId != null">
        #{createUserId,jdbcType=BIGINT},
      </if>
      <if test="updateTime != null">
        #{updateTime,jdbcType=TIMESTAMP},
      </if>
      <if test="updateUser != null">
        #{updateUser,jdbcType=VARCHAR},
      </if>
      <if test="updateUserId != null">
        #{updateUserId,jdbcType=BIGINT},
      </if>
    </trim>
  </insert>
  <update id="updateByPrimaryKeySelective" parameterType="com.ule.wholesale.fxpurchase.server.vo.FXContractItemChange">
    <!--
      WARNING - @mbggenerated
      This element is automatically generated by MyBatis Generator, do not modify.
    -->
    update fx_contract_item_change
    <set>
      <if test="changePaperCode != null">
        CHANGE_PAPER_CODE = #{changePaperCode,jdbcType=VARCHAR},
      </if>
      <if test="itemId != null">
        ITEM_ID = #{itemId,jdbcType=BIGINT},
      </if>
      <if test="merchantId != null">
        MERCHANT_ID = #{merchantId,jdbcType=BIGINT},
      </if>
      <if test="changePaperId != null">
        CHANGE_PAPER_ID = #{changePaperId,jdbcType=BIGINT},
      </if>
      <if test="itemName != null">
        ITEM_NAME = #{itemName,jdbcType=VARCHAR},
      </if>
      <if test="unit != null">
        UNIT = #{unit,jdbcType=VARCHAR},
      </if>
      <if test="sku != null">
        SKU = #{sku,jdbcType=VARCHAR},
      </if>
      <if test="num != null">
        NUM = #{num,jdbcType=INTEGER},
      </if>
      <if test="taxRate != null">
        TAX_RATE = #{taxRate,jdbcType=FLOAT},
      </if>
      <if test="taxPrice != null">
        TAX_PRICE = #{taxPrice,jdbcType=DECIMAL},
      </if>
      <if test="preTaxRate != null">
        PRE_TAX_RATE = #{preTaxRate,jdbcType=FLOAT},
      </if>
      <if test="preTaxPrice != null">
        PRE_TAX_PRICE = #{preTaxPrice,jdbcType=DECIMAL},
      </if>
      <if test="createTime != null">
        CREATE_TIME = #{createTime,jdbcType=TIMESTAMP},
      </if>
      <if test="createUser != null">
        CREATE_USER = #{createUser,jdbcType=VARCHAR},
      </if>
      <if test="createUserId != null">
        CREATE_USER_ID = #{createUserId,jdbcType=BIGINT},
      </if>
      <if test="updateTime != null">
        UPDATE_TIME = #{updateTime,jdbcType=TIMESTAMP},
      </if>
      <if test="updateUser != null">
        UPDATE_USER = #{updateUser,jdbcType=VARCHAR},
      </if>
      <if test="updateUserId != null">
        UPDATE_USER_ID = #{updateUserId,jdbcType=BIGINT},
      </if>
    </set>
    where ID = #{id,jdbcType=BIGINT}
  </update>
  <update id="updateByPrimaryKey" parameterType="com.ule.wholesale.fxpurchase.server.vo.FXContractItemChange">
    <!--
      WARNING - @mbggenerated
      This element is automatically generated by MyBatis Generator, do not modify.
    -->
    update fx_contract_item_change
    set CHANGE_PAPER_CODE = #{changePaperCode,jdbcType=VARCHAR},
      ITEM_ID = #{itemId,jdbcType=BIGINT},
      MERCHANT_ID = #{merchantId,jdbcType=BIGINT},
      CHANGE_PAPER_ID = #{changePaperId,jdbcType=BIGINT},
      ITEM_NAME = #{itemName,jdbcType=VARCHAR},
      UNIT = #{unit,jdbcType=VARCHAR},
      SKU = #{sku,jdbcType=VARCHAR},
      NUM = #{num,jdbcType=INTEGER},
      TAX_RATE = #{taxRate,jdbcType=FLOAT},
      TAX_PRICE = #{taxPrice,jdbcType=DECIMAL},
      PRE_TAX_RATE = #{preTaxRate,jdbcType=FLOAT},
      PRE_TAX_PRICE = #{preTaxPrice,jdbcType=DECIMAL},
      CREATE_TIME = #{createTime,jdbcType=TIMESTAMP},
      CREATE_USER = #{createUser,jdbcType=VARCHAR},
      CREATE_USER_ID = #{createUserId,jdbcType=BIGINT},
      UPDATE_TIME = #{updateTime,jdbcType=TIMESTAMP},
      UPDATE_USER = #{updateUser,jdbcType=VARCHAR},
      UPDATE_USER_ID = #{updateUserId,jdbcType=BIGINT}
    where ID = #{id,jdbcType=BIGINT}
  </update>
</mapper>