<?xml version="1.0" encoding="UTF-8" ?>
<!DOCTYPE mapper PUBLIC "-//mybatis.org//DTD Mapper 3.0//EN" "http://mybatis.org/dtd/mybatis-3-mapper.dtd" >
<mapper namespace="com.ule.wholesale.fxpurchase.server.mapper.FXContractChangeMapper" >
  <resultMap id="BaseResultMap" type="com.ule.wholesale.fxpurchase.server.vo.FXContractChange" >
    <id column="id" property="id" jdbcType="BIGINT" />
    <result column="change_paper_code" property="changePaperCode" jdbcType="VARCHAR" />
    <result column="contract_id" property="contractId" jdbcType="BIGINT" />
    <result column="contract_code" property="contractCode" jdbcType="VARCHAR" />
    <result column="supplier_id" property="supplierId" jdbcType="BIGINT" />
    <result column="change_type" property="changeType" jdbcType="INTEGER" />
    <result column="status" property="status" jdbcType="INTEGER" />
    <result column="delete_flag" property="deleteFlag" jdbcType="INTEGER" />
    <result column="reason" property="reason" jdbcType="VARCHAR" />
    <result column="create_user_id" property="createUserId" jdbcType="BIGINT" />
    <result column="create_user" property="createUser" jdbcType="VARCHAR" />
    <result column="create_time" property="createTime" jdbcType="TIMESTAMP" />
    <result column="audit_user_id" property="auditUserId" jdbcType="BIGINT" />
    <result column="audit_user" property="auditUser" jdbcType="VARCHAR" />
    <result column="audit_time" property="auditTime" jdbcType="TIMESTAMP" />
    <result column="stop_date" property="stopDate" jdbcType="DATE" />
    <result column="update_user_id" property="updateUserId" jdbcType="BIGINT" />
    <result column="update_user" property="updateUser" jdbcType="VARCHAR" />
    <result column="update_time" property="updateTime" jdbcType="TIMESTAMP" />
    <result column="available_begin" property="availableBegin" jdbcType="DATE" />
    <result column="available_end" property="availableEnd" jdbcType="DATE" />
    <result column="bank_parent_code" property="bankParentCode" jdbcType="VARCHAR" />
    <result column="bank_parent_name" property="bankParentName" jdbcType="VARCHAR" />
    <result column="bank_name" property="bankName" jdbcType="VARCHAR" />
    <result column="bank_code" property="bankCode" jdbcType="VARCHAR" />
    <result column="bank_branch_name" property="bankBranchName" jdbcType="VARCHAR" />
    <result column="bank_branch_code" property="bankBranchCode" jdbcType="VARCHAR" />
    <result column="settle_type" property="settleType" jdbcType="INTEGER" />
    <result column="is_prepay" property="isPrepay" jdbcType="INTEGER" />
    <result column="prepay_rate" property="prepayRate" jdbcType="FLOAT" />
    <result column="account_period" property="accountPeriod" jdbcType="INTEGER" />
    <result column="bill_date" property="billDate" jdbcType="VARCHAR" />
    <result column="remark" property="remark" jdbcType="VARCHAR" />
    <result column="is_instantly" property="isInstantly" jdbcType="INTEGER" />
  	<result column="version" jdbcType="INTEGER" property="version" />
  </resultMap>
  <resultMap id="ExtendResultMap" type="com.ule.wholesale.fxpurchase.server.dto.FXContractChangeDto" extends="BaseResultMap">
    <result column="supplier_name" property="supplierName" jdbcType="VARCHAR" />
    <result column="org_name" property="orgName" jdbcType="VARCHAR" />
  </resultMap>
  <sql id="Base_Column_List" >
    a.id, a.change_paper_code, a.contract_id, a.contract_code, a.supplier_id, a.change_type, a.status, 
    a.reason, a.create_user_id, a.create_user, a.create_time, a.audit_user_id, a.audit_user, a.audit_time, a.stop_date, 
    a.update_user_id, a.update_user, a.update_time, a.available_begin, a.available_end, a.bank_parent_code, 
    a.bank_parent_name, a.bank_name, a.bank_code, a.bank_branch_name, a.bank_branch_code, a.settle_type, 
    a.is_prepay, a.prepay_rate, a.account_period, a.bill_date, a.remark, a.is_instantly,a.version
  </sql>
  <sql id="Extend_Column_List" >
    a.id, a.change_paper_code, a.contract_id, a.contract_code, a.supplier_id, a.change_type, a.status, 
    a.reason, a.create_user_id, a.create_user, a.create_time, a.audit_user_id, a.audit_user, a.audit_time, a.stop_date, 
    a.update_user_id, a.update_user, a.update_time, a.available_begin, a.available_end, a.bank_parent_code, 
    a.bank_parent_name, a.bank_name, a.bank_code, a.bank_branch_name, a.bank_branch_code, a.settle_type, 
    a.is_prepay, a.prepay_rate, a.account_period, a.bill_date, a.remark, a.is_instantly,
    b.supplier_name,c.org_name
  </sql>
  <select id="selectByPrimaryKey" resultMap="BaseResultMap" parameterType="java.lang.Long" >
    select 
    <include refid="Base_Column_List" />
    from fx_contract_change a
    where a.id = #{id,jdbcType=BIGINT}
  </select>
  <select id="selectDtoByPrimaryKey" resultMap="ExtendResultMap" parameterType="java.lang.Long" >
    select 
    <include refid="Extend_Column_List" />
    from fx_contract_change a , fx_supplier_info b , fx_contract_info c
    where a.supplier_id = b.id and a.contract_id = c.id and a.id = #{id,jdbcType=BIGINT}
  </select>
  <sql id="Where_Select">
  	<if test="contractCode != null" >
    	and a.contract_code like concat(concat('%',#{contractCode,jdbcType=VARCHAR}),'%')
    </if>
    <if test="changePaperCode != null" >
    	and a.change_paper_code like concat(concat('%',#{changePaperCode,jdbcType=VARCHAR}),'%')
    </if>
    <if test="supplierName != null" >
    	and b.supplier_name like concat(concat('%',#{supplierName,jdbcType=VARCHAR}),'%')
    </if>
    <if test="supplierId != null" >
    	and a.supplier_id = #{supplierId,jdbcType=BIGINT}
    </if>
    <if test="status != null" >
    	and a.status = #{status,jdbcType=DECIMAL}
    </if>
    <if test="changeType != null" >
    	and a.change_type = #{changeType,jdbcType=INTEGER}
    </if>
    <if test="statusAttr != null" >
    	<foreach collection="statusAttr" index="index" item="status" open=" and a.status IN (" separator="," close=")">
            #{status,jdbcType=DECIMAL}
        </foreach>
    </if>
    <if test="orgLevel != null" >
    	and c.org_level = #{orgLevel,jdbcType=INTEGER}
    	<if test="provinceOrgCode != null and orgLevel == 1">
    		and c.province_org_code = #{provinceOrgCode,jdbcType=VARCHAR}
    	</if>
    	<if test="cityOrgCode != null and orgLevel == 2">
    		and c.city_org_code = #{cityOrgCode,jdbcType=VARCHAR}
    	</if>
    	<if test="regionOrgCode != null and orgLevel == 3">
    		and c.region_org_code = #{regionOrgCode,jdbcType=VARCHAR}
    	</if>
    </if>
  </sql>
  <select id="selectByParams" resultMap="ExtendResultMap" parameterType="java.util.Map" >
    select 
    <include refid="Extend_Column_List" />
    from fx_contract_change a , fx_supplier_info b , fx_contract_info c
    where a.supplier_id = b.id and a.contract_id = c.id and (a.delete_flag is null or a.delete_flag!=1)
    <include refid="Where_Select" />
  </select>
  <select id="getOrderSeq" resultType="java.lang.Integer" parameterType="java.util.Map" >
    select 
    count(1) + 1
    from fx_contract_change
    where 1=1
    <![CDATA[
    	 and create_time <= #{createTime,jdbcType=TIMESTAMP}
   		 and create_time >= #{createDate,jdbcType=TIMESTAMP}
    ]]>
  </select>
  <select id="selectCountByParams" resultType="java.lang.Integer" parameterType="java.util.Map" >
    select 
    <include refid="Base_Column_List" />
    from fx_contract_change a
    where 1=1
    <include refid="Where_Select" />
  </select>
  <delete id="deleteByPrimaryKey" parameterType="java.lang.Long" >
    <!--
      WARNING - @mbggenerated
      This element is automatically generated by MyBatis Generator, do not modify.
    -->
    delete from fx_contract_change
    where id = #{id,jdbcType=BIGINT}
  </delete>
  <insert id="insert" parameterType="com.ule.wholesale.fxpurchase.server.vo.FXContractChange" >
    <!--
      WARNING - @mbggenerated
      This element is automatically generated by MyBatis Generator, do not modify.
    -->
    <selectKey resultType="java.lang.Long" keyProperty="id" order="AFTER" >
      SELECT LAST_INSERT_ID()
    </selectKey>
    insert into fx_contract_change (change_paper_code, contract_id, contract_code, 
      supplier_id, change_type, status, 
      reason, create_user_id, create_user, 
      create_time, audit_user_id, audit_user, 
      audit_time,stop_date, update_user_id, update_user, 
      update_time, available_begin, available_end, 
      bank_parent_code, bank_parent_name, bank_name, 
      bank_code, bank_branch_name, bank_branch_code, 
      settle_type, is_prepay, prepay_rate, 
      account_period, bill_date, remark, 
      is_instantly,version)
    values (#{changePaperCode,jdbcType=VARCHAR}, #{contractId,jdbcType=BIGINT}, #{contractCode,jdbcType=VARCHAR}, 
      #{supplierId,jdbcType=BIGINT}, #{changeType,jdbcType=INTEGER}, #{status,jdbcType=INTEGER}, 
      #{reason,jdbcType=VARCHAR}, #{createUserId,jdbcType=BIGINT}, #{createUser,jdbcType=VARCHAR}, 
      #{createTime,jdbcType=TIMESTAMP}, #{auditUserId,jdbcType=BIGINT}, #{auditUser,jdbcType=VARCHAR}, 
      #{auditTime,jdbcType=TIMESTAMP},#{stopDate,jdbcType=DATE}, #{updateUserId,jdbcType=BIGINT}, #{updateUser,jdbcType=VARCHAR}, 
      #{updateTime,jdbcType=TIMESTAMP}, #{availableBegin,jdbcType=DATE}, #{availableEnd,jdbcType=DATE}, 
      #{bankParentCode,jdbcType=VARCHAR}, #{bankParentName,jdbcType=VARCHAR}, #{bankName,jdbcType=VARCHAR}, 
      #{bankCode,jdbcType=VARCHAR}, #{bankBranchName,jdbcType=VARCHAR}, #{bankBranchCode,jdbcType=VARCHAR}, 
      #{settleType,jdbcType=INTEGER}, #{isPrepay,jdbcType=INTEGER}, #{prepayRate,jdbcType=FLOAT}, 
      #{accountPeriod,jdbcType=INTEGER}, #{billDate,jdbcType=VARCHAR}, #{remark,jdbcType=VARCHAR}, 
      #{isInstantly,jdbcType=INTEGER},#{version,jdbcType=INTEGER})
  </insert>
  <insert id="insertSelective" parameterType="com.ule.wholesale.fxpurchase.server.vo.FXContractChange" >
    <!--
      WARNING - @mbggenerated
      This element is automatically generated by MyBatis Generator, do not modify.
    -->
    <selectKey resultType="java.lang.Long" keyProperty="id" order="AFTER" >
      SELECT LAST_INSERT_ID()
    </selectKey>
    insert into fx_contract_change
    <trim prefix="(" suffix=")" suffixOverrides="," >
      <if test="changePaperCode != null" >
        change_paper_code,
      </if>
      <if test="contractId != null" >
        contract_id,
      </if>
      <if test="contractCode != null" >
        contract_code,
      </if>
      <if test="supplierId != null" >
        supplier_id,
      </if>
      <if test="changeType != null" >
        change_type,
      </if>
      <if test="status != null" >
        status,
      </if>
      <if test="reason != null" >
        reason,
      </if>
      <if test="createUserId != null" >
        create_user_id,
      </if>
      <if test="createUser != null" >
        create_user,
      </if>
      <if test="createTime != null" >
        create_time,
      </if>
      <if test="stopDate != null" >
        stop_date,
      </if>
      <if test="auditUserId != null" >
        audit_user_id,
      </if>
      <if test="auditUser != null" >
        audit_user,
      </if>
      <if test="auditTime != null" >
        audit_time,
      </if>
      <if test="updateUserId != null" >
        update_user_id,
      </if>
      <if test="updateUser != null" >
        update_user,
      </if>
      <if test="updateTime != null" >
        update_time,
      </if>
      <if test="availableBegin != null" >
        available_begin,
      </if>
      <if test="availableEnd != null" >
        available_end,
      </if>
      <if test="bankParentCode != null" >
        bank_parent_code,
      </if>
      <if test="bankParentName != null" >
        bank_parent_name,
      </if>
      <if test="bankName != null" >
        bank_name,
      </if>
      <if test="bankCode != null" >
        bank_code,
      </if>
      <if test="bankBranchName != null" >
        bank_branch_name,
      </if>
      <if test="bankBranchCode != null" >
        bank_branch_code,
      </if>
      <if test="settleType != null" >
        settle_type,
      </if>
      <if test="isPrepay != null" >
        is_prepay,
      </if>
      <if test="prepayRate != null" >
        prepay_rate,
      </if>
      <if test="accountPeriod != null" >
        account_period,
      </if>
      <if test="billDate != null" >
        bill_date,
      </if>
      <if test="remark != null" >
        remark,
      </if>
      <if test="isInstantly != null" >
        is_instantly,
      </if>
      <if test="version != null" >
        version,
      </if>
    </trim>
    <trim prefix="values (" suffix=")" suffixOverrides="," >
      <if test="changePaperCode != null" >
        #{changePaperCode,jdbcType=VARCHAR},
      </if>
      <if test="contractId != null" >
        #{contractId,jdbcType=BIGINT},
      </if>
      <if test="contractCode != null" >
        #{contractCode,jdbcType=VARCHAR},
      </if>
      <if test="supplierId != null" >
        #{supplierId,jdbcType=BIGINT},
      </if>
      <if test="changeType != null" >
        #{changeType,jdbcType=INTEGER},
      </if>
      <if test="status != null" >
        #{status,jdbcType=INTEGER},
      </if>
      <if test="reason != null" >
        #{reason,jdbcType=VARCHAR},
      </if>
      <if test="createUserId != null" >
        #{createUserId,jdbcType=BIGINT},
      </if>
      <if test="createUser != null" >
        #{createUser,jdbcType=VARCHAR},
      </if>
      <if test="createTime != null" >
        #{createTime,jdbcType=TIMESTAMP},
      </if>
      <if test="stopDate != null" >
        #{stopDate,jdbcType=DATE},
      </if>
      <if test="auditUserId != null" >
        #{auditUserId,jdbcType=BIGINT},
      </if>
      <if test="auditUser != null" >
        #{auditUser,jdbcType=VARCHAR},
      </if>
      <if test="auditTime != null" >
        #{auditTime,jdbcType=TIMESTAMP},
      </if>
      <if test="updateUserId != null" >
        #{updateUserId,jdbcType=BIGINT},
      </if>
      <if test="updateUser != null" >
        #{updateUser,jdbcType=VARCHAR},
      </if>
      <if test="updateTime != null" >
        #{updateTime,jdbcType=TIMESTAMP},
      </if>
      <if test="availableBegin != null" >
        #{availableBegin,jdbcType=DATE},
      </if>
      <if test="availableEnd != null" >
        #{availableEnd,jdbcType=DATE},
      </if>
      <if test="bankParentCode != null" >
        #{bankParentCode,jdbcType=VARCHAR},
      </if>
      <if test="bankParentName != null" >
        #{bankParentName,jdbcType=VARCHAR},
      </if>
      <if test="bankName != null" >
        #{bankName,jdbcType=VARCHAR},
      </if>
      <if test="bankCode != null" >
        #{bankCode,jdbcType=VARCHAR},
      </if>
      <if test="bankBranchName != null" >
        #{bankBranchName,jdbcType=VARCHAR},
      </if>
      <if test="bankBranchCode != null" >
        #{bankBranchCode,jdbcType=VARCHAR},
      </if>
      <if test="settleType != null" >
        #{settleType,jdbcType=INTEGER},
      </if>
      <if test="isPrepay != null" >
        #{isPrepay,jdbcType=INTEGER},
      </if>
      <if test="prepayRate != null" >
        #{prepayRate,jdbcType=FLOAT},
      </if>
      <if test="accountPeriod != null" >
        #{accountPeriod,jdbcType=INTEGER},
      </if>
      <if test="billDate != null" >
        #{billDate,jdbcType=VARCHAR},
      </if>
      <if test="remark != null" >
        #{remark,jdbcType=VARCHAR},
      </if>
      <if test="isInstantly != null" >
        #{isInstantly,jdbcType=INTEGER},
      </if>
      <if test="version != null" >
        #{version,jdbcType=INTEGER},
      </if>
    </trim>
  </insert>
  <update id="updateByPrimaryKeySelective" parameterType="com.ule.wholesale.fxpurchase.server.vo.FXContractChange" >
    <!--
      WARNING - @mbggenerated
      This element is automatically generated by MyBatis Generator, do not modify.
    -->
    update fx_contract_change
    <set >
      <if test="changePaperCode != null" >
        change_paper_code = #{changePaperCode,jdbcType=VARCHAR},
      </if>
      <if test="contractId != null" >
        contract_id = #{contractId,jdbcType=BIGINT},
      </if>
      <if test="contractCode != null" >
        contract_code = #{contractCode,jdbcType=VARCHAR},
      </if>
      <if test="supplierId != null" >
        supplier_id = #{supplierId,jdbcType=BIGINT},
      </if>
      <if test="changeType != null" >
        change_type = #{changeType,jdbcType=INTEGER},
      </if>
      <if test="deleteFlag != null" >
        delete_flag = #{deleteFlag,jdbcType=INTEGER},
      </if>
      <if test="status != null" >
        status = #{status,jdbcType=INTEGER},
      </if>
      <if test="reason != null" >
        reason = #{reason,jdbcType=VARCHAR},
      </if>
      <if test="createUserId != null" >
        create_user_id = #{createUserId,jdbcType=BIGINT},
      </if>
      <if test="createUser != null" >
        create_user = #{createUser,jdbcType=VARCHAR},
      </if>
      <if test="createTime != null" >
        create_time = #{createTime,jdbcType=TIMESTAMP},
      </if>
      <if test="stopDate != null" >
        stop_date = #{stopDate,jdbcType=DATE},
      </if>
      <if test="auditUserId != null" >
        audit_user_id = #{auditUserId,jdbcType=BIGINT},
      </if>
      <if test="auditUser != null" >
        audit_user = #{auditUser,jdbcType=VARCHAR},
      </if>
      <if test="auditTime != null" >
        audit_time = #{auditTime,jdbcType=TIMESTAMP},
      </if>
      <if test="updateUserId != null" >
        update_user_id = #{updateUserId,jdbcType=BIGINT},
      </if>
      <if test="updateUser != null" >
        update_user = #{updateUser,jdbcType=VARCHAR},
      </if>
      <if test="updateTime != null" >
        update_time = #{updateTime,jdbcType=TIMESTAMP},
      </if>
      <if test="availableBegin != null" >
        available_begin = #{availableBegin,jdbcType=DATE},
      </if>
      <if test="availableEnd != null" >
        available_end = #{availableEnd,jdbcType=DATE},
      </if>
      <if test="bankParentCode != null" >
        bank_parent_code = #{bankParentCode,jdbcType=VARCHAR},
      </if>
      <if test="bankParentName != null" >
        bank_parent_name = #{bankParentName,jdbcType=VARCHAR},
      </if>
      <if test="bankName != null" >
        bank_name = #{bankName,jdbcType=VARCHAR},
      </if>
      <if test="bankCode != null" >
        bank_code = #{bankCode,jdbcType=VARCHAR},
      </if>
      <if test="bankBranchName != null" >
        bank_branch_name = #{bankBranchName,jdbcType=VARCHAR},
      </if>
      <if test="bankBranchCode != null" >
        bank_branch_code = #{bankBranchCode,jdbcType=VARCHAR},
      </if>
      <if test="settleType != null" >
        settle_type = #{settleType,jdbcType=INTEGER},
      </if>
      <if test="isPrepay != null" >
        is_prepay = #{isPrepay,jdbcType=INTEGER},
      </if>
      <if test="prepayRate != null" >
        prepay_rate = #{prepayRate,jdbcType=FLOAT},
      </if>
      <if test="accountPeriod != null" >
        account_period = #{accountPeriod,jdbcType=INTEGER},
      </if>
      <if test="billDate != null" >
        bill_date = #{billDate,jdbcType=VARCHAR},
      </if>
      <if test="remark != null" >
        remark = #{remark,jdbcType=VARCHAR},
      </if>
      <if test="isInstantly != null" >
        is_instantly = #{isInstantly,jdbcType=INTEGER},
      </if>
      <if test="version != null" >
        version = #{version,jdbcType=INTEGER},
      </if>
    </set>
    where id = #{id,jdbcType=BIGINT}
  </update>
  <update id="updateByPrimaryKey" parameterType="com.ule.wholesale.fxpurchase.server.vo.FXContractChange" >
    <!--
      WARNING - @mbggenerated
      This element is automatically generated by MyBatis Generator, do not modify.
    -->
    update fx_contract_change
    set change_paper_code = #{changePaperCode,jdbcType=VARCHAR},
      contract_id = #{contractId,jdbcType=BIGINT},
      contract_code = #{contractCode,jdbcType=VARCHAR},
      supplier_id = #{supplierId,jdbcType=BIGINT},
      change_type = #{changeType,jdbcType=INTEGER},
      status = #{status,jdbcType=INTEGER},
      delete_flag = #{deleteFlag,jdbcType=INTEGER},
      reason = #{reason,jdbcType=VARCHAR},
      create_user_id = #{createUserId,jdbcType=BIGINT},
      create_user = #{createUser,jdbcType=VARCHAR},
      create_time = #{createTime,jdbcType=TIMESTAMP},
      audit_user_id = #{auditUserId,jdbcType=BIGINT},
      audit_user = #{auditUser,jdbcType=VARCHAR},
      audit_time = #{auditTime,jdbcType=TIMESTAMP},
      stop_date = #{stopDate,jdbcType=DATE},
      update_user_id = #{updateUserId,jdbcType=BIGINT},
      update_user = #{updateUser,jdbcType=VARCHAR},
      update_time = #{updateTime,jdbcType=TIMESTAMP},
      available_begin = #{availableBegin,jdbcType=DATE},
      available_end = #{availableEnd,jdbcType=DATE},
      bank_parent_code = #{bankParentCode,jdbcType=VARCHAR},
      bank_parent_name = #{bankParentName,jdbcType=VARCHAR},
      bank_name = #{bankName,jdbcType=VARCHAR},
      bank_code = #{bankCode,jdbcType=VARCHAR},
      bank_branch_name = #{bankBranchName,jdbcType=VARCHAR},
      bank_branch_code = #{bankBranchCode,jdbcType=VARCHAR},
      settle_type = #{settleType,jdbcType=INTEGER},
      is_prepay = #{isPrepay,jdbcType=INTEGER},
      prepay_rate = #{prepayRate,jdbcType=FLOAT},
      account_period = #{accountPeriod,jdbcType=INTEGER},
      bill_date = #{billDate,jdbcType=VARCHAR},
      remark = #{remark,jdbcType=VARCHAR},
      is_instantly = #{isInstantly,jdbcType=INTEGER},
      version = #{version,jdbcType=INTEGER}
    where id = #{id,jdbcType=BIGINT}
  </update>
</mapper>