<?xml version="1.0" encoding="UTF-8" ?>
<!DOCTYPE mapper PUBLIC "-//mybatis.org//DTD Mapper 3.0//EN" "http://mybatis.org/dtd/mybatis-3-mapper.dtd" >
<mapper namespace="com.ule.wholesale.fxpurchase.server.mapper.FXGoodsCompareListMapper" >
  <resultMap id="BaseResultMap" type="com.ule.wholesale.fxpurchase.server.vo.FXGoodsCompareList" >
    <!--
      WARNING - @mbggenerated
      This element is automatically generated by MyBatis Generator, do not modify.
    -->
    <id column="ID" property="id" jdbcType="BIGINT" />
    <result column="SIGN_PROVINCE_CODE" property="signProvinceCode" jdbcType="VARCHAR" />
    <result column="SIGN_PROVINCE_NAME" property="signProvinceName" jdbcType="VARCHAR" />
    <result column="SIGN_CITY_CODE" property="signCityCode" jdbcType="VARCHAR" />
    <result column="SIGN_CITY_NAME" property="signCityName" jdbcType="VARCHAR" />
    <result column="SIGN_REGION_CODE" property="signRegionCode" jdbcType="VARCHAR" />
    <result column="SIGN_REGION_NAME" property="signRegionName" jdbcType="VARCHAR" />
    <result column="DMS_ITEM_NAME" property="dmsItemName" jdbcType="VARCHAR" />
    <result column="DMS_ITEM_SPEC" property="dmsItemSpec" jdbcType="VARCHAR" />
    <result column="DMS_ITEM_UNIT" property="dmsItemUnit" jdbcType="VARCHAR" />
    <result column="DMS_ITEM_CODE" property="dmsItemCode" jdbcType="VARCHAR" />
    <result column="PROVINCE_ORG_CODE" property="provinceOrgCode" jdbcType="VARCHAR" />
    <result column="CITY_ORG_CODE" property="cityOrgCode" jdbcType="VARCHAR" />
    <result column="REGION_ORG_CODE" property="regionOrgCode" jdbcType="VARCHAR" />
    <result column="ORG_LEVEL" property="orgLevel" jdbcType="VARCHAR" />
    <result column="ORG_NAME" property="orgName" jdbcType="VARCHAR" />
    <result column="ITEM_CODE" property="itemCode" jdbcType="VARCHAR" />
    <result column="ITEM_NAME" property="itemName" jdbcType="VARCHAR" />
    <result column="ITEM_BOX_NUM" property="itemBoxNum" jdbcType="INTEGER" />
    <result column="ITEM_UNIT" property="itemUnit" jdbcType="VARCHAR" />
    <result column="MERCHANT_NAME" property="merchantName" jdbcType="VARCHAR" />
    <result column="MERCHANT_ID" property="merchantId" jdbcType="BIGINT" />
    <result column="CONVERT_RATIO" property="convertRatio" jdbcType="DECIMAL" />
    <result column="STATE" property="state" jdbcType="INTEGER" />
    <result column="CREATE_TIME" property="createTime" jdbcType="TIMESTAMP" />
    <result column="CREATE_USER" property="createUser" jdbcType="VARCHAR" />
    <result column="UPDATE_TIME" property="updateTime" jdbcType="TIMESTAMP" />
    <result column="UPDATE_USER" property="updateUser" jdbcType="VARCHAR" />
    <result column="VERSION" property="version" jdbcType="INTEGER" />
  </resultMap>
  <sql id="Base_Column_List" >
    <!--
      WARNING - @mbggenerated
      This element is automatically generated by MyBatis Generator, do not modify.
    -->
    ID, SIGN_PROVINCE_CODE, SIGN_PROVINCE_NAME, SIGN_CITY_CODE, SIGN_CITY_NAME, SIGN_REGION_CODE, 
    SIGN_REGION_NAME, DMS_ITEM_NAME, DMS_ITEM_SPEC, DMS_ITEM_UNIT, DMS_ITEM_CODE, PROVINCE_ORG_CODE, 
    CITY_ORG_CODE, REGION_ORG_CODE, ORG_LEVEL, ORG_NAME, ITEM_CODE, ITEM_NAME, ITEM_BOX_NUM, 
    ITEM_UNIT, MERCHANT_NAME, MERCHANT_ID, CONVERT_RATIO, STATE, CREATE_TIME, CREATE_USER, 
    UPDATE_TIME, UPDATE_USER, VERSION
  </sql>
  <select id="selectByPrimaryKey" resultMap="BaseResultMap" parameterType="java.lang.Long" >
    <!--
      WARNING - @mbggenerated
      This element is automatically generated by MyBatis Generator, do not modify.
    -->
    select 
    <include refid="Base_Column_List" />
    from fx_goods_compare_list
    where ID = #{id,jdbcType=BIGINT}
  </select>
  <delete id="deleteByPrimaryKey" parameterType="java.lang.Long" >
    <!--
      WARNING - @mbggenerated
      This element is automatically generated by MyBatis Generator, do not modify.
    -->
    delete from fx_goods_compare_list
    where ID = #{id,jdbcType=BIGINT}
  </delete>
  <insert id="insert" parameterType="com.ule.wholesale.fxpurchase.server.vo.FXGoodsCompareList" >
    <!--
      WARNING - @mbggenerated
      This element is automatically generated by MyBatis Generator, do not modify.
    -->
    <selectKey resultType="java.lang.Long" keyProperty="id" order="AFTER" >
      SELECT LAST_INSERT_ID()
    </selectKey>
    insert into fx_goods_compare_list (ID, SIGN_PROVINCE_CODE, SIGN_PROVINCE_NAME, 
      SIGN_CITY_CODE, SIGN_CITY_NAME, SIGN_REGION_CODE, 
      SIGN_REGION_NAME, DMS_ITEM_NAME, DMS_ITEM_SPEC, 
      DMS_ITEM_UNIT, DMS_ITEM_CODE, PROVINCE_ORG_CODE, 
      CITY_ORG_CODE, REGION_ORG_CODE, ORG_LEVEL, 
      ORG_NAME, ITEM_CODE, ITEM_NAME, 
      ITEM_BOX_NUM, ITEM_UNIT, MERCHANT_NAME, 
      MERCHANT_ID, CONVERT_RATIO, STATE, 
      CREATE_TIME, CREATE_USER, UPDATE_TIME, 
      UPDATE_USER, VERSION)
    values (#{id,jdbcType=BIGINT}, #{signProvinceCode,jdbcType=VARCHAR}, #{signProvinceName,jdbcType=VARCHAR}, 
      #{signCityCode,jdbcType=VARCHAR}, #{signCityName,jdbcType=VARCHAR}, #{signRegionCode,jdbcType=VARCHAR}, 
      #{signRegionName,jdbcType=VARCHAR}, #{dmsItemName,jdbcType=VARCHAR}, #{dmsItemSpec,jdbcType=VARCHAR}, 
      #{dmsItemUnit,jdbcType=VARCHAR}, #{dmsItemCode,jdbcType=VARCHAR}, #{provinceOrgCode,jdbcType=VARCHAR}, 
      #{cityOrgCode,jdbcType=VARCHAR}, #{regionOrgCode,jdbcType=VARCHAR}, #{orgLevel,jdbcType=VARCHAR}, 
      #{orgName,jdbcType=VARCHAR}, #{itemCode,jdbcType=VARCHAR}, #{itemName,jdbcType=VARCHAR}, 
      #{itemBoxNum,jdbcType=INTEGER}, #{itemUnit,jdbcType=VARCHAR}, #{merchantName,jdbcType=VARCHAR}, 
      #{merchantId,jdbcType=BIGINT}, #{convertRatio,jdbcType=DECIMAL}, #{state,jdbcType=INTEGER}, 
      #{createTime,jdbcType=TIMESTAMP}, #{createUser,jdbcType=VARCHAR}, #{updateTime,jdbcType=TIMESTAMP}, 
      #{updateUser,jdbcType=VARCHAR}, #{version,jdbcType=INTEGER})
  </insert>
  <insert id="insertSelective" parameterType="com.ule.wholesale.fxpurchase.server.vo.FXGoodsCompareList" >
    <!--
      WARNING - @mbggenerated
      This element is automatically generated by MyBatis Generator, do not modify.
    -->
    <selectKey resultType="java.lang.Long" keyProperty="id" order="AFTER" >
      SELECT LAST_INSERT_ID()
    </selectKey>
    insert into fx_goods_compare_list
    <trim prefix="(" suffix=")" suffixOverrides="," >
      ID,
      <if test="signProvinceCode != null" >
        SIGN_PROVINCE_CODE,
      </if>
      <if test="signProvinceName != null" >
        SIGN_PROVINCE_NAME,
      </if>
      <if test="signCityCode != null" >
        SIGN_CITY_CODE,
      </if>
      <if test="signCityName != null" >
        SIGN_CITY_NAME,
      </if>
      <if test="signRegionCode != null" >
        SIGN_REGION_CODE,
      </if>
      <if test="signRegionName != null" >
        SIGN_REGION_NAME,
      </if>
      <if test="dmsItemName != null" >
        DMS_ITEM_NAME,
      </if>
      <if test="dmsItemSpec != null" >
        DMS_ITEM_SPEC,
      </if>
      <if test="dmsItemUnit != null" >
        DMS_ITEM_UNIT,
      </if>
      <if test="dmsItemCode != null" >
        DMS_ITEM_CODE,
      </if>
      <if test="provinceOrgCode != null" >
        PROVINCE_ORG_CODE,
      </if>
      <if test="cityOrgCode != null" >
        CITY_ORG_CODE,
      </if>
      <if test="regionOrgCode != null" >
        REGION_ORG_CODE,
      </if>
      <if test="orgLevel != null" >
        ORG_LEVEL,
      </if>
      <if test="orgName != null" >
        ORG_NAME,
      </if>
      <if test="itemCode != null" >
        ITEM_CODE,
      </if>
      <if test="itemName != null" >
        ITEM_NAME,
      </if>
      <if test="itemBoxNum != null" >
        ITEM_BOX_NUM,
      </if>
      <if test="itemUnit != null" >
        ITEM_UNIT,
      </if>
      <if test="merchantName != null" >
        MERCHANT_NAME,
      </if>
      <if test="merchantId != null" >
        MERCHANT_ID,
      </if>
      <if test="convertRatio != null" >
        CONVERT_RATIO,
      </if>
      <if test="state != null" >
        STATE,
      </if>
      <if test="createTime != null" >
        CREATE_TIME,
      </if>
      <if test="createUser != null" >
        CREATE_USER,
      </if>
      <if test="updateTime != null" >
        UPDATE_TIME,
      </if>
      <if test="updateUser != null" >
        UPDATE_USER,
      </if>
      <if test="version != null" >
        VERSION,
      </if>
    </trim>
    <trim prefix="values (" suffix=")" suffixOverrides="," >
      #{id,jdbcType=BIGINT},
      <if test="signProvinceCode != null" >
        #{signProvinceCode,jdbcType=VARCHAR},
      </if>
      <if test="signProvinceName != null" >
        #{signProvinceName,jdbcType=VARCHAR},
      </if>
      <if test="signCityCode != null" >
        #{signCityCode,jdbcType=VARCHAR},
      </if>
      <if test="signCityName != null" >
        #{signCityName,jdbcType=VARCHAR},
      </if>
      <if test="signRegionCode != null" >
        #{signRegionCode,jdbcType=VARCHAR},
      </if>
      <if test="signRegionName != null" >
        #{signRegionName,jdbcType=VARCHAR},
      </if>
      <if test="dmsItemName != null" >
        #{dmsItemName,jdbcType=VARCHAR},
      </if>
      <if test="dmsItemSpec != null" >
        #{dmsItemSpec,jdbcType=VARCHAR},
      </if>
      <if test="dmsItemUnit != null" >
        #{dmsItemUnit,jdbcType=VARCHAR},
      </if>
      <if test="dmsItemCode != null" >
        #{dmsItemCode,jdbcType=VARCHAR},
      </if>
      <if test="provinceOrgCode != null" >
        #{provinceOrgCode,jdbcType=VARCHAR},
      </if>
      <if test="cityOrgCode != null" >
        #{cityOrgCode,jdbcType=VARCHAR},
      </if>
      <if test="regionOrgCode != null" >
        #{regionOrgCode,jdbcType=VARCHAR},
      </if>
      <if test="orgLevel != null" >
        #{orgLevel,jdbcType=VARCHAR},
      </if>
      <if test="orgName != null" >
        #{orgName,jdbcType=VARCHAR},
      </if>
      <if test="itemCode != null" >
        #{itemCode,jdbcType=VARCHAR},
      </if>
      <if test="itemName != null" >
        #{itemName,jdbcType=VARCHAR},
      </if>
      <if test="itemBoxNum != null" >
        #{itemBoxNum,jdbcType=INTEGER},
      </if>
      <if test="itemUnit != null" >
        #{itemUnit,jdbcType=VARCHAR},
      </if>
      <if test="merchantName != null" >
        #{merchantName,jdbcType=VARCHAR},
      </if>
      <if test="merchantId != null" >
        #{merchantId,jdbcType=BIGINT},
      </if>
      <if test="convertRatio != null" >
        #{convertRatio,jdbcType=DECIMAL},
      </if>
      <if test="state != null" >
        #{state,jdbcType=INTEGER},
      </if>
      <if test="createTime != null" >
        #{createTime,jdbcType=TIMESTAMP},
      </if>
      <if test="createUser != null" >
        #{createUser,jdbcType=VARCHAR},
      </if>
      <if test="updateTime != null" >
        #{updateTime,jdbcType=TIMESTAMP},
      </if>
      <if test="updateUser != null" >
        #{updateUser,jdbcType=VARCHAR},
      </if>
      <if test="version != null" >
        #{version,jdbcType=INTEGER},
      </if>
    </trim>
  </insert>
  <update id="updateByPrimaryKeySelective" parameterType="com.ule.wholesale.fxpurchase.server.vo.FXGoodsCompareList" >
    <!--
      WARNING - @mbggenerated
      This element is automatically generated by MyBatis Generator, do not modify.
    -->
    update fx_goods_compare_list
    <set >
      <if test="signProvinceCode != null" >
        SIGN_PROVINCE_CODE = #{signProvinceCode,jdbcType=VARCHAR},
      </if>
      <if test="signProvinceName != null" >
        SIGN_PROVINCE_NAME = #{signProvinceName,jdbcType=VARCHAR},
      </if>
      <if test="signCityCode != null" >
        SIGN_CITY_CODE = #{signCityCode,jdbcType=VARCHAR},
      </if>
      <if test="signCityName != null" >
        SIGN_CITY_NAME = #{signCityName,jdbcType=VARCHAR},
      </if>
      <if test="signRegionCode != null" >
        SIGN_REGION_CODE = #{signRegionCode,jdbcType=VARCHAR},
      </if>
      <if test="signRegionName != null" >
        SIGN_REGION_NAME = #{signRegionName,jdbcType=VARCHAR},
      </if>
      <if test="dmsItemName != null" >
        DMS_ITEM_NAME = #{dmsItemName,jdbcType=VARCHAR},
      </if>
      <if test="dmsItemSpec != null" >
        DMS_ITEM_SPEC = #{dmsItemSpec,jdbcType=VARCHAR},
      </if>
      <if test="dmsItemUnit != null" >
        DMS_ITEM_UNIT = #{dmsItemUnit,jdbcType=VARCHAR},
      </if>
      <if test="dmsItemCode != null" >
        DMS_ITEM_CODE = #{dmsItemCode,jdbcType=VARCHAR},
      </if>
      <if test="provinceOrgCode != null" >
        PROVINCE_ORG_CODE = #{provinceOrgCode,jdbcType=VARCHAR},
      </if>
      <if test="cityOrgCode != null" >
        CITY_ORG_CODE = #{cityOrgCode,jdbcType=VARCHAR},
      </if>
      <if test="regionOrgCode != null" >
        REGION_ORG_CODE = #{regionOrgCode,jdbcType=VARCHAR},
      </if>
      <if test="orgLevel != null" >
        ORG_LEVEL = #{orgLevel,jdbcType=VARCHAR},
      </if>
      <if test="orgName != null" >
        ORG_NAME = #{orgName,jdbcType=VARCHAR},
      </if>
      <if test="itemCode != null" >
        ITEM_CODE = #{itemCode,jdbcType=VARCHAR},
      </if>
      <if test="itemName != null" >
        ITEM_NAME = #{itemName,jdbcType=VARCHAR},
      </if>
      <if test="itemBoxNum != null" >
        ITEM_BOX_NUM = #{itemBoxNum,jdbcType=INTEGER},
      </if>
      <if test="itemUnit != null" >
        ITEM_UNIT = #{itemUnit,jdbcType=VARCHAR},
      </if>
      <if test="merchantName != null" >
        MERCHANT_NAME = #{merchantName,jdbcType=VARCHAR},
      </if>
      <if test="merchantId != null" >
        MERCHANT_ID = #{merchantId,jdbcType=BIGINT},
      </if>
      <if test="convertRatio != null" >
        CONVERT_RATIO = #{convertRatio,jdbcType=DECIMAL},
      </if>
      <if test="state != null" >
        STATE = #{state,jdbcType=INTEGER},
      </if>
      <if test="createTime != null" >
        CREATE_TIME = #{createTime,jdbcType=TIMESTAMP},
      </if>
      <if test="createUser != null" >
        CREATE_USER = #{createUser,jdbcType=VARCHAR},
      </if>
      <if test="updateTime != null" >
        UPDATE_TIME = #{updateTime,jdbcType=TIMESTAMP},
      </if>
      <if test="updateUser != null" >
        UPDATE_USER = #{updateUser,jdbcType=VARCHAR},
      </if>
      <if test="version != null" >
        VERSION = #{version,jdbcType=INTEGER},
      </if>
    </set>
    where ID = #{id,jdbcType=BIGINT}
  </update>
  <update id="updateByPrimaryKey" parameterType="com.ule.wholesale.fxpurchase.server.vo.FXGoodsCompareList" >
    <!--
      WARNING - @mbggenerated
      This element is automatically generated by MyBatis Generator, do not modify.
    -->
    update fx_goods_compare_list
    set SIGN_PROVINCE_CODE = #{signProvinceCode,jdbcType=VARCHAR},
      SIGN_PROVINCE_NAME = #{signProvinceName,jdbcType=VARCHAR},
      SIGN_CITY_CODE = #{signCityCode,jdbcType=VARCHAR},
      SIGN_CITY_NAME = #{signCityName,jdbcType=VARCHAR},
      SIGN_REGION_CODE = #{signRegionCode,jdbcType=VARCHAR},
      SIGN_REGION_NAME = #{signRegionName,jdbcType=VARCHAR},
      DMS_ITEM_NAME = #{dmsItemName,jdbcType=VARCHAR},
      DMS_ITEM_SPEC = #{dmsItemSpec,jdbcType=VARCHAR},
      DMS_ITEM_UNIT = #{dmsItemUnit,jdbcType=VARCHAR},
      DMS_ITEM_CODE = #{dmsItemCode,jdbcType=VARCHAR},
      PROVINCE_ORG_CODE = #{provinceOrgCode,jdbcType=VARCHAR},
      CITY_ORG_CODE = #{cityOrgCode,jdbcType=VARCHAR},
      REGION_ORG_CODE = #{regionOrgCode,jdbcType=VARCHAR},
      ORG_LEVEL = #{orgLevel,jdbcType=VARCHAR},
      ORG_NAME = #{orgName,jdbcType=VARCHAR},
      ITEM_CODE = #{itemCode,jdbcType=VARCHAR},
      ITEM_NAME = #{itemName,jdbcType=VARCHAR},
      ITEM_BOX_NUM = #{itemBoxNum,jdbcType=INTEGER},
      ITEM_UNIT = #{itemUnit,jdbcType=VARCHAR},
      MERCHANT_NAME = #{merchantName,jdbcType=VARCHAR},
      MERCHANT_ID = #{merchantId,jdbcType=BIGINT},
      CONVERT_RATIO = #{convertRatio,jdbcType=DECIMAL},
      STATE = #{state,jdbcType=INTEGER},
      CREATE_TIME = #{createTime,jdbcType=TIMESTAMP},
      CREATE_USER = #{createUser,jdbcType=VARCHAR},
      UPDATE_TIME = #{updateTime,jdbcType=TIMESTAMP},
      UPDATE_USER = #{updateUser,jdbcType=VARCHAR},
      VERSION = #{version,jdbcType=INTEGER}
    where ID = #{id,jdbcType=BIGINT}
  </update>
  
   <select id="selectFXGoodsCompareListInfos" parameterType="com.ule.wholesale.fxpurchase.server.vo.FXGoodsCompareList" resultMap="BaseResultMap">
		SELECT
			*
		FROM
			`fx_goods_compare_list` f
		WHERE
			1 = 1
	<if test="signProvinceCode != null and signProvinceCode != '' ">
		AND	f.SIGN_PROVINCE_CODE = #{signProvinceCode}
	</if>
	<if test="signCityCode != null and signCityCode != '' ">
		AND f.SIGN_CITY_CODE = #{signCityCode}
	</if>
	<if test="signRegionCode != null and signRegionCode != '' ">
		AND f.SIGN_REGION_CODE = #{signRegionCode}
	</if>
	<if test="dmsItemCode != null and dmsItemCode != '' ">
		and f.DMS_ITEM_CODE  = #{dmsItemCode}
	</if>
	<if test="dmsItemName != null and dmsItemName != '' ">
		and f.DMS_ITEM_NAME = #{dmsItemName}
	</if>
	<if test="itemCode != null and itemCode >0 ">
		and f.ITEM_CODE = #{itemCode}
	</if>
	<if test="itemCode != null and itemCode == -1 ">
		and f.ITEM_CODE = ''
	</if>
	<if test="itemName != null and itemName != '' ">
		and f.ITEM_NAME = #{itemName}
	</if>
		<if test="orgLevel != null and orgLevel != ''">
			AND f.org_level = #{orgLevel}
			<if test="provinceOrgCode != null and provinceOrgCode != '' and orgLevel == 1">
				AND f.province_org_code = #{provinceOrgCode}
			</if>
			<if test="cityOrgCode != null and cityOrgCode != '' and orgLevel == 2">
				AND f.city_org_code = #{cityOrgCode}
			</if>
			<if test="regionOrgCode != null and regionOrgCode != '' and orgLevel == 3">
				AND f.region_org_code = #{regionOrgCode}
			</if>
		</if>
  </select>
</mapper>