<?xml version="1.0" encoding="UTF-8" ?>
<!DOCTYPE mapper PUBLIC "-//mybatis.org//DTD Mapper 3.0//EN" "http://mybatis.org/dtd/mybatis-3-mapper.dtd" >
<mapper namespace="com.ule.wholesale.fxpurchase.server.mapper.FXOperationLogMapper" >
  <resultMap id="BaseResultMap" type="com.ule.wholesale.fxpurchase.server.vo.FXOperationLog" >
    <!--
      WARNING - @mbggenerated
      This element is automatically generated by MyBatis Generator, do not modify.
    -->
    <id column="ID" property="id" jdbcType="BIGINT" />
    <result column="USER_ID" property="userId" jdbcType="BIGINT" />
    <result column="USER_NAME" property="userName" jdbcType="VARCHAR" />
    <result column="EVENT_TYPE" property="eventType" jdbcType="VARCHAR" />
    <result column="TYPE" property="type" jdbcType="INTEGER" />
    <result column="BIZ_CODE" property="bizCode" jdbcType="VARCHAR" />
    <result column="OP_DATE" property="opDate" jdbcType="TIMESTAMP" />
    <result column="REMARK" property="remark" jdbcType="VARCHAR" />
  </resultMap>
  <sql id="Base_Column_List" >
    <!--
      WARNING - @mbggenerated
      This element is automatically generated by MyBatis Generator, do not modify.
    -->
    ID, USER_ID, USER_NAME, EVENT_TYPE, TYPE, BIZ_CODE, OP_DATE, REMARK
  </sql>
  <select id="selectByPrimaryKey" resultMap="BaseResultMap" parameterType="java.lang.Long" >
    <!--
      WARNING - @mbggenerated
      This element is automatically generated by MyBatis Generator, do not modify.
    -->
    select 
    <include refid="Base_Column_List" />
    from fx_operation_log
    where ID = #{id,jdbcType=BIGINT}
  </select>
  <select id="selectByBizCodeAndType" resultMap="BaseResultMap">
    select 
    <include refid="Base_Column_List" />
    from fx_operation_log
    where BIZ_CODE = #{bizCode,jdbcType=VARCHAR} and TYPE = #{type,jdbcType=INTEGER} 
    order by OP_DATE desc 
  </select>
  <delete id="deleteByPrimaryKey" parameterType="java.lang.Long" >
    <!--
      WARNING - @mbggenerated
      This element is automatically generated by MyBatis Generator, do not modify.
    -->
    delete from fx_operation_log
    where ID = #{id,jdbcType=BIGINT}
  </delete>
  <insert id="insert" parameterType="com.ule.wholesale.fxpurchase.server.vo.FXOperationLog" >
    <!--
      WARNING - @mbggenerated
      This element is automatically generated by MyBatis Generator, do not modify.
    -->
    <selectKey resultType="java.lang.Long" keyProperty="id" order="AFTER" >
      SELECT LAST_INSERT_ID()
    </selectKey>
    insert into fx_operation_log (USER_ID, USER_NAME, EVENT_TYPE, 
      TYPE, BIZ_CODE, OP_DATE, 
      REMARK)
    values (#{userId,jdbcType=BIGINT}, #{userName,jdbcType=VARCHAR}, #{eventType,jdbcType=VARCHAR}, 
      #{type,jdbcType=INTEGER}, #{bizCode,jdbcType=VARCHAR}, #{opDate,jdbcType=TIMESTAMP}, 
      #{remark,jdbcType=VARCHAR})
  </insert>
  <insert id="insertSelective" parameterType="com.ule.wholesale.fxpurchase.server.vo.FXOperationLog" >
    <!--
      WARNING - @mbggenerated
      This element is automatically generated by MyBatis Generator, do not modify.
    -->
    <selectKey resultType="java.lang.Long" keyProperty="id" order="AFTER" >
      SELECT LAST_INSERT_ID()
    </selectKey>
    insert into fx_operation_log
    <trim prefix="(" suffix=")" suffixOverrides="," >
      <if test="userId != null" >
        USER_ID,
      </if>
      <if test="userName != null" >
        USER_NAME,
      </if>
      <if test="eventType != null" >
        EVENT_TYPE,
      </if>
      <if test="type != null" >
        TYPE,
      </if>
      <if test="bizCode != null" >
        BIZ_CODE,
      </if>
      <if test="opDate != null" >
        OP_DATE,
      </if>
      <if test="remark != null" >
        REMARK,
      </if>
    </trim>
    <trim prefix="values (" suffix=")" suffixOverrides="," >
      <if test="userId != null" >
        #{userId,jdbcType=BIGINT},
      </if>
      <if test="userName != null" >
        #{userName,jdbcType=VARCHAR},
      </if>
      <if test="eventType != null" >
        #{eventType,jdbcType=VARCHAR},
      </if>
      <if test="type != null" >
        #{type,jdbcType=INTEGER},
      </if>
      <if test="bizCode != null" >
        #{bizCode,jdbcType=VARCHAR},
      </if>
      <if test="opDate != null" >
        #{opDate,jdbcType=TIMESTAMP},
      </if>
      <if test="remark != null" >
        #{remark,jdbcType=VARCHAR},
      </if>
    </trim>
  </insert>
  <update id="updateByPrimaryKeySelective" parameterType="com.ule.wholesale.fxpurchase.server.vo.FXOperationLog" >
    <!--
      WARNING - @mbggenerated
      This element is automatically generated by MyBatis Generator, do not modify.
    -->
    update fx_operation_log
    <set >
      <if test="userId != null" >
        USER_ID = #{userId,jdbcType=BIGINT},
      </if>
      <if test="userName != null" >
        USER_NAME = #{userName,jdbcType=VARCHAR},
      </if>
      <if test="eventType != null" >
        EVENT_TYPE = #{eventType,jdbcType=VARCHAR},
      </if>
      <if test="type != null" >
        TYPE = #{type,jdbcType=INTEGER},
      </if>
      <if test="bizCode != null" >
        BIZ_CODE = #{bizCode,jdbcType=VARCHAR},
      </if>
      <if test="opDate != null" >
        OP_DATE = #{opDate,jdbcType=TIMESTAMP},
      </if>
      <if test="remark != null" >
        REMARK = #{remark,jdbcType=VARCHAR},
      </if>
    </set>
    where ID = #{id,jdbcType=BIGINT}
  </update>
  <update id="updateByPrimaryKey" parameterType="com.ule.wholesale.fxpurchase.server.vo.FXOperationLog" >
    <!--
      WARNING - @mbggenerated
      This element is automatically generated by MyBatis Generator, do not modify.
    -->
    update fx_operation_log
    set USER_ID = #{userId,jdbcType=BIGINT},
      USER_NAME = #{userName,jdbcType=VARCHAR},
      EVENT_TYPE = #{eventType,jdbcType=VARCHAR},
      TYPE = #{type,jdbcType=INTEGER},
      BIZ_CODE = #{bizCode,jdbcType=VARCHAR},
      OP_DATE = #{opDate,jdbcType=TIMESTAMP},
      REMARK = #{remark,jdbcType=VARCHAR}
    where ID = #{id,jdbcType=BIGINT}
  </update>
</mapper>