<?xml version="1.0" encoding="UTF-8" ?>
<!DOCTYPE mapper PUBLIC "-//mybatis.org//DTD Mapper 3.0//EN" "http://mybatis.org/dtd/mybatis-3-mapper.dtd" >
<mapper namespace="com.ule.wholesale.fxpurchase.server.mapper.FXOPcDmsOrgRelationMapper" >
  <resultMap id="BaseResultMap" type="com.ule.wholesale.fxpurchase.server.vo.FXOPcDmsOrgRelation" >
    <!--
      WARNING - @mbggenerated
      This element is automatically generated by MyBatis Generator, do not modify.
    -->
    <id column="ID" property="id" jdbcType="BIGINT" />
    <result column="SIGN_PROVINCE_CODE" property="signProvinceCode" jdbcType="VARCHAR" />
    <result column="SIGN_PROVINCE_NAME" property="signProvinceName" jdbcType="VARCHAR" />
    <result column="SIGN_CITY_CODE" property="signCityCode" jdbcType="VARCHAR" />
    <result column="SIGN_CITY_NAME" property="signCityName" jdbcType="VARCHAR" />
    <result column="SIGN_REGION_CODE" property="signRegionCode" jdbcType="VARCHAR" />
    <result column="SIGN_REGION_NAME" property="signRegionName" jdbcType="VARCHAR" />
    <result column="PROVINCE_ORG_CODE" property="provinceOrgCode" jdbcType="VARCHAR" />
    <result column="CITY_ORG_CODE" property="cityOrgCode" jdbcType="VARCHAR" />
    <result column="REGION_ORG_CODE" property="regionOrgCode" jdbcType="VARCHAR" />
    <result column="ORG_LEVEL" property="orgLevel" jdbcType="VARCHAR" />
    <result column="ORG_NAME" property="orgName" jdbcType="VARCHAR" />
    <result column="COOPERATION_MODE" property="cooperationMode" jdbcType="INTEGER" />
    <result column="DMS_ORG_CODE" property="dmsOrgCode" jdbcType="VARCHAR" />
    <result column="DMS_ORG_NAME" property="dmsOrgName" jdbcType="VARCHAR" />
    <result column="STATE" property="state" jdbcType="INTEGER" />
    <result column="CREATE_TIME" property="createTime" jdbcType="TIMESTAMP" />
    <result column="CREATE_USER" property="createUser" jdbcType="VARCHAR" />
    <result column="UPDATE_TIME" property="updateTime" jdbcType="TIMESTAMP" />
    <result column="UPDATE_USER" property="updateUser" jdbcType="VARCHAR" />
    <result column="VERSION" property="version" jdbcType="INTEGER" />
  </resultMap>
  <sql id="Base_Column_List" >
    <!--
      WARNING - @mbggenerated
      This element is automatically generated by MyBatis Generator, do not modify.
    -->
    ID, SIGN_PROVINCE_CODE, SIGN_PROVINCE_NAME, SIGN_CITY_CODE, SIGN_CITY_NAME, SIGN_REGION_CODE, 
    SIGN_REGION_NAME, PROVINCE_ORG_CODE, CITY_ORG_CODE, REGION_ORG_CODE, ORG_LEVEL, ORG_NAME, 
    COOPERATION_MODE, DMS_ORG_CODE, DMS_ORG_NAME, STATE, CREATE_TIME, CREATE_USER, UPDATE_TIME, 
    UPDATE_USER, VERSION
  </sql>
  <select id="selectByPrimaryKey" resultMap="BaseResultMap" parameterType="java.lang.Long" >
    <!--
      WARNING - @mbggenerated
      This element is automatically generated by MyBatis Generator, do not modify.
    -->
    select 
    <include refid="Base_Column_List" />
    from fx_opc_dms_org_relation
    where ID = #{id,jdbcType=BIGINT}
  </select>
  <delete id="deleteByPrimaryKey" parameterType="java.lang.Long" >
    <!--
      WARNING - @mbggenerated
      This element is automatically generated by MyBatis Generator, do not modify.
    -->
    delete from fx_opc_dms_org_relation
    where ID = #{id,jdbcType=BIGINT}
  </delete>
  <insert id="insert" parameterType="com.ule.wholesale.fxpurchase.server.vo.FXOPcDmsOrgRelation" >
    <!--
      WARNING - @mbggenerated
      This element is automatically generated by MyBatis Generator, do not modify.
    -->
    <selectKey resultType="java.lang.Long" keyProperty="id" order="AFTER" >
      SELECT LAST_INSERT_ID()
    </selectKey>
    insert into fx_opc_dms_org_relation (ID, SIGN_PROVINCE_CODE, SIGN_PROVINCE_NAME, 
      SIGN_CITY_CODE, SIGN_CITY_NAME, SIGN_REGION_CODE, 
      SIGN_REGION_NAME, PROVINCE_ORG_CODE, CITY_ORG_CODE, 
      REGION_ORG_CODE, ORG_LEVEL, ORG_NAME, 
      COOPERATION_MODE, DMS_ORG_CODE, DMS_ORG_NAME, 
      STATE, CREATE_TIME, CREATE_USER, 
      UPDATE_TIME, UPDATE_USER, VERSION
      )
    values (#{id,jdbcType=BIGINT}, #{signProvinceCode,jdbcType=VARCHAR}, #{signProvinceName,jdbcType=VARCHAR}, 
      #{signCityCode,jdbcType=VARCHAR}, #{signCityName,jdbcType=VARCHAR}, #{signRegionCode,jdbcType=VARCHAR}, 
      #{signRegionName,jdbcType=VARCHAR}, #{provinceOrgCode,jdbcType=VARCHAR}, #{cityOrgCode,jdbcType=VARCHAR}, 
      #{regionOrgCode,jdbcType=VARCHAR}, #{orgLevel,jdbcType=VARCHAR}, #{orgName,jdbcType=VARCHAR}, 
      #{cooperationMode,jdbcType=INTEGER}, #{dmsOrgCode,jdbcType=VARCHAR}, #{dmsOrgName,jdbcType=VARCHAR}, 
      #{state,jdbcType=INTEGER}, #{createTime,jdbcType=TIMESTAMP}, #{createUser,jdbcType=VARCHAR}, 
      #{updateTime,jdbcType=TIMESTAMP}, #{updateUser,jdbcType=VARCHAR}, #{version,jdbcType=INTEGER}
      )
  </insert>
  <insert id="insertSelective" parameterType="com.ule.wholesale.fxpurchase.server.vo.FXOPcDmsOrgRelation" >
    <!--
      WARNING - @mbggenerated
      This element is automatically generated by MyBatis Generator, do not modify.
    -->
    <selectKey resultType="java.lang.Long" keyProperty="id" order="AFTER" >
      SELECT LAST_INSERT_ID()
    </selectKey>
    insert into fx_opc_dms_org_relation
    <trim prefix="(" suffix=")" suffixOverrides="," >
      ID,
      <if test="signProvinceCode != null" >
        SIGN_PROVINCE_CODE,
      </if>
      <if test="signProvinceName != null" >
        SIGN_PROVINCE_NAME,
      </if>
      <if test="signCityCode != null" >
        SIGN_CITY_CODE,
      </if>
      <if test="signCityName != null" >
        SIGN_CITY_NAME,
      </if>
      <if test="signRegionCode != null" >
        SIGN_REGION_CODE,
      </if>
      <if test="signRegionName != null" >
        SIGN_REGION_NAME,
      </if>
      <if test="provinceOrgCode != null" >
        PROVINCE_ORG_CODE,
      </if>
      <if test="cityOrgCode != null" >
        CITY_ORG_CODE,
      </if>
      <if test="regionOrgCode != null" >
        REGION_ORG_CODE,
      </if>
      <if test="orgLevel != null" >
        ORG_LEVEL,
      </if>
      <if test="orgName != null" >
        ORG_NAME,
      </if>
      <if test="cooperationMode != null" >
        COOPERATION_MODE,
      </if>
      <if test="dmsOrgCode != null" >
        DMS_ORG_CODE,
      </if>
      <if test="dmsOrgName != null" >
        DMS_ORG_NAME,
      </if>
      <if test="state != null" >
        STATE,
      </if>
      <if test="createTime != null" >
        CREATE_TIME,
      </if>
      <if test="createUser != null" >
        CREATE_USER,
      </if>
      <if test="updateTime != null" >
        UPDATE_TIME,
      </if>
      <if test="updateUser != null" >
        UPDATE_USER,
      </if>
      <if test="version != null" >
        VERSION,
      </if>
    </trim>
    <trim prefix="values (" suffix=")" suffixOverrides="," >
      #{id,jdbcType=BIGINT},
      <if test="signProvinceCode != null" >
        #{signProvinceCode,jdbcType=VARCHAR},
      </if>
      <if test="signProvinceName != null" >
        #{signProvinceName,jdbcType=VARCHAR},
      </if>
      <if test="signCityCode != null" >
        #{signCityCode,jdbcType=VARCHAR},
      </if>
      <if test="signCityName != null" >
        #{signCityName,jdbcType=VARCHAR},
      </if>
      <if test="signRegionCode != null" >
        #{signRegionCode,jdbcType=VARCHAR},
      </if>
      <if test="signRegionName != null" >
        #{signRegionName,jdbcType=VARCHAR},
      </if>
      <if test="provinceOrgCode != null" >
        #{provinceOrgCode,jdbcType=VARCHAR},
      </if>
      <if test="cityOrgCode != null" >
        #{cityOrgCode,jdbcType=VARCHAR},
      </if>
      <if test="regionOrgCode != null" >
        #{regionOrgCode,jdbcType=VARCHAR},
      </if>
      <if test="orgLevel != null" >
        #{orgLevel,jdbcType=VARCHAR},
      </if>
      <if test="orgName != null" >
        #{orgName,jdbcType=VARCHAR},
      </if>
      <if test="cooperationMode != null" >
        #{cooperationMode,jdbcType=INTEGER},
      </if>
      <if test="dmsOrgCode != null" >
        #{dmsOrgCode,jdbcType=VARCHAR},
      </if>
      <if test="dmsOrgName != null" >
        #{dmsOrgName,jdbcType=VARCHAR},
      </if>
      <if test="state != null" >
        #{state,jdbcType=INTEGER},
      </if>
      <if test="createTime != null" >
        #{createTime,jdbcType=TIMESTAMP},
      </if>
      <if test="createUser != null" >
        #{createUser,jdbcType=VARCHAR},
      </if>
      <if test="updateTime != null" >
        #{updateTime,jdbcType=TIMESTAMP},
      </if>
      <if test="updateUser != null" >
        #{updateUser,jdbcType=VARCHAR},
      </if>
      <if test="version != null" >
        #{version,jdbcType=INTEGER},
      </if>
    </trim>
  </insert>
  <update id="updateByPrimaryKeySelective" parameterType="com.ule.wholesale.fxpurchase.server.vo.FXOPcDmsOrgRelation" >
    <!--
      WARNING - @mbggenerated
      This element is automatically generated by MyBatis Generator, do not modify.
    -->
    update fx_opc_dms_org_relation
    <set >
      <if test="signProvinceCode != null" >
        SIGN_PROVINCE_CODE = #{signProvinceCode,jdbcType=VARCHAR},
      </if>
      <if test="signProvinceName != null" >
        SIGN_PROVINCE_NAME = #{signProvinceName,jdbcType=VARCHAR},
      </if>
      <if test="signCityCode != null" >
        SIGN_CITY_CODE = #{signCityCode,jdbcType=VARCHAR},
      </if>
      <if test="signCityName != null" >
        SIGN_CITY_NAME = #{signCityName,jdbcType=VARCHAR},
      </if>
      <if test="signRegionCode != null" >
        SIGN_REGION_CODE = #{signRegionCode,jdbcType=VARCHAR},
      </if>
      <if test="signRegionName != null" >
        SIGN_REGION_NAME = #{signRegionName,jdbcType=VARCHAR},
      </if>
      <if test="provinceOrgCode != null" >
        PROVINCE_ORG_CODE = #{provinceOrgCode,jdbcType=VARCHAR},
      </if>
      <if test="cityOrgCode != null" >
        CITY_ORG_CODE = #{cityOrgCode,jdbcType=VARCHAR},
      </if>
      <if test="regionOrgCode != null" >
        REGION_ORG_CODE = #{regionOrgCode,jdbcType=VARCHAR},
      </if>
      <if test="orgLevel != null" >
        ORG_LEVEL = #{orgLevel,jdbcType=VARCHAR},
      </if>
      <if test="orgName != null" >
        ORG_NAME = #{orgName,jdbcType=VARCHAR},
      </if>
      <if test="cooperationMode != null" >
        COOPERATION_MODE = #{cooperationMode,jdbcType=INTEGER},
      </if>
      <if test="dmsOrgCode != null" >
        DMS_ORG_CODE = #{dmsOrgCode,jdbcType=VARCHAR},
      </if>
      <if test="dmsOrgName != null" >
        DMS_ORG_NAME = #{dmsOrgName,jdbcType=VARCHAR},
      </if>
      <if test="state != null" >
        STATE = #{state,jdbcType=INTEGER},
      </if>
      <if test="createTime != null" >
        CREATE_TIME = #{createTime,jdbcType=TIMESTAMP},
      </if>
      <if test="createUser != null" >
        CREATE_USER = #{createUser,jdbcType=VARCHAR},
      </if>
      <if test="updateTime != null" >
        UPDATE_TIME = #{updateTime,jdbcType=TIMESTAMP},
      </if>
      <if test="updateUser != null" >
        UPDATE_USER = #{updateUser,jdbcType=VARCHAR},
      </if>
      <if test="version != null" >
        VERSION = #{version,jdbcType=INTEGER},
      </if>
    </set>
    where ID = #{id,jdbcType=BIGINT}
  </update>
  <update id="updateByPrimaryKey" parameterType="com.ule.wholesale.fxpurchase.server.vo.FXOPcDmsOrgRelation" >
    <!--
      WARNING - @mbggenerated
      This element is automatically generated by MyBatis Generator, do not modify.
    -->
    update fx_opc_dms_org_relation
    set SIGN_PROVINCE_CODE = #{signProvinceCode,jdbcType=VARCHAR},
      SIGN_PROVINCE_NAME = #{signProvinceName,jdbcType=VARCHAR},
      SIGN_CITY_CODE = #{signCityCode,jdbcType=VARCHAR},
      SIGN_CITY_NAME = #{signCityName,jdbcType=VARCHAR},
      SIGN_REGION_CODE = #{signRegionCode,jdbcType=VARCHAR},
      SIGN_REGION_NAME = #{signRegionName,jdbcType=VARCHAR},
      PROVINCE_ORG_CODE = #{provinceOrgCode,jdbcType=VARCHAR},
      CITY_ORG_CODE = #{cityOrgCode,jdbcType=VARCHAR},
      REGION_ORG_CODE = #{regionOrgCode,jdbcType=VARCHAR},
      ORG_LEVEL = #{orgLevel,jdbcType=VARCHAR},
      ORG_NAME = #{orgName,jdbcType=VARCHAR},
      COOPERATION_MODE = #{cooperationMode,jdbcType=INTEGER},
      DMS_ORG_CODE = #{dmsOrgCode,jdbcType=VARCHAR},
      DMS_ORG_NAME = #{dmsOrgName,jdbcType=VARCHAR},
      STATE = #{state,jdbcType=INTEGER},
      CREATE_TIME = #{createTime,jdbcType=TIMESTAMP},
      CREATE_USER = #{createUser,jdbcType=VARCHAR},
      UPDATE_TIME = #{updateTime,jdbcType=TIMESTAMP},
      UPDATE_USER = #{updateUser,jdbcType=VARCHAR},
      VERSION = #{version,jdbcType=INTEGER}
    where ID = #{id,jdbcType=BIGINT}
  </update>
  
  <select id="selectFXOPcDmsOrgRelationInfos" parameterType="com.ule.wholesale.fxpurchase.server.vo.FXOPcDmsOrgRelation" resultMap="BaseResultMap">
	  SELECT
		*
	FROM
		`fx_opc_dms_org_relation` f
	WHERE
		1=1
	<if test="signProvinceCode != null and signProvinceCode != '' ">
		AND	f.SIGN_PROVINCE_CODE = #{signProvinceCode}
	</if>
	<if test="signCityCode != null and signCityCode != '' ">
		AND f.SIGN_CITY_CODE = #{signCityCode}
	</if>
	<if test="signRegionCode != null and signRegionCode != '' ">
		AND f.SIGN_REGION_CODE = #{signRegionCode}
	</if>
	<if test="cooperationMode != null and cooperationMode >=0 ">
		AND f.COOPERATION_MODE = #{cooperationMode}
	</if>
		<if test="orgLevel != null and orgLevel != ''">
			AND f.org_level = #{orgLevel}
			<if test="provinceOrgCode != null and provinceOrgCode != '' and orgLevel == 1">
				AND f.province_org_code = #{provinceOrgCode}
			</if>
			<if test="cityOrgCode != null and cityOrgCode != '' and orgLevel == 2">
				AND f.city_org_code = #{cityOrgCode}
			</if>
			<if test="regionOrgCode != null and regionOrgCode != '' and orgLevel == 3">
				AND f.region_org_code = #{regionOrgCode}
			</if>
		</if>
  </select>
  
 <select id="getAgencys" parameterType="String" resultMap="BaseResultMap">
  	select 
  	<include refid="sign_list" />
  		from fx_opc_dms_org_relation f 
  	where state != 1
  		 <if test="level != null and level == 1 ">
  			and f.SIGN_PROVINCE_CODE = #{signCode}
  		</if>
  		 <if test="level != null and level == 2 ">
  			and f.SIGN_CITY_CODE = #{signCode}  
  		</if>
  	GROUP BY
		<include refid="sign_list" />	
 </select>
 <sql id="sign_list">
  		<if test="level != null and level == 0 ">
  			f.SIGN_PROVINCE_CODE,f.SIGN_PROVINCE_NAME 
  		</if>
  		 <if test="level != null and level == 1 ">
  			f.SIGN_CITY_CODE,f.SIGN_CITY_NAME
  		</if>
  		 <if test="level != null and level == 2 ">
  			f.SIGN_REGION_CODE,f.SIGN_REGION_NAME  
  		</if>
 </sql>
  
</mapper>