<?xml version="1.0" encoding="UTF-8" ?>
<!DOCTYPE mapper PUBLIC "-//mybatis.org//DTD Mapper 3.0//EN" "http://mybatis.org/dtd/mybatis-3-mapper.dtd" >
<mapper namespace="com.ule.wholesale.fxpurchase.server.mapper.FxOrderMsgPublishMapper" >
  <resultMap id="BaseResultMap" type="com.ule.wholesale.fxpurchase.server.vo.FxOrderMsgPublish" >
    <!--
      WARNING - @mbggenerated
      This element is automatically generated by MyBatis Generator, do not modify.
    -->
    <id column="ID" property="id" jdbcType="BIGINT" />
    <result column="STATUS" property="status" jdbcType="INTEGER" />
    <result column="MESSAGE" property="message" jdbcType="VARCHAR" />
    <result column="TYPE" property="type" jdbcType="INTEGER" />
    <result column="BIZ_NO" property="bizNo" jdbcType="VARCHAR" />
    <result column="CREATE_TIME" property="createTime" jdbcType="TIMESTAMP" />
    <result column="UPDATE_TIME" property="updateTime" jdbcType="TIMESTAMP" />
  </resultMap>
  <sql id="Base_Column_List" >
    <!--
      WARNING - @mbggenerated
      This element is automatically generated by MyBatis Generator, do not modify.
    -->
    ID, STATUS, MESSAGE, TYPE, BIZ_NO, CREATE_TIME,UPDATE_TIME
  </sql>
  <select id="selectByPrimaryKey" resultMap="BaseResultMap" parameterType="java.lang.Long" >
    <!--
      WARNING - @mbggenerated
      This element is automatically generated by MyBatis Generator, do not modify.
    -->
    select 
    <include refid="Base_Column_List" />
    from FX_ORDER_MSG_PUBLISH
    where ID = #{id,jdbcType=BIGINT}
  </select>
  <select id="selectByStatusAndType" resultMap="BaseResultMap"  >
    select 
    <include refid="Base_Column_List" />
    from FX_ORDER_MSG_PUBLISH
    where 1=1
    <if test="status != null">
    	and STATUS = #{status,jdbcType=INTEGER}
    </if>
    <if test="type != null">
    	and TYPE = #{type,jdbcType=INTEGER}
    </if>
    
  </select>
  <select id="selectByBizCodeAndType" resultMap="BaseResultMap"  >
    select 
    <include refid="Base_Column_List" />
    from FX_ORDER_MSG_PUBLISH
    where 1=1
    <if test="bizNo != null">
    	and BIZ_NO = #{bizNo,jdbcType=VARCHAR}
    </if>
    <if test="type != null">
    	and TYPE = #{type,jdbcType=INTEGER}
    </if>
  </select>
  <delete id="deleteByPrimaryKey" parameterType="java.lang.Long" >
    <!--
      WARNING - @mbggenerated
      This element is automatically generated by MyBatis Generator, do not modify.
    -->
    delete from FX_ORDER_MSG_PUBLISH
    where ID = #{id,jdbcType=BIGINT}
  </delete>
  <insert id="insert" parameterType="com.ule.wholesale.fxpurchase.server.vo.FxOrderMsgPublish" >
    <!--
      WARNING - @mbggenerated
      This element is automatically generated by MyBatis Generator, do not modify.
    -->
    <selectKey resultType="java.lang.Long" keyProperty="id" order="AFTER" >
      SELECT LAST_INSERT_ID()
    </selectKey>
    insert into FX_ORDER_MSG_PUBLISH (STATUS, MESSAGE, TYPE, 
      BIZ_NO, CREATE_TIME)
    values (#{status,jdbcType=INTEGER}, #{message,jdbcType=VARCHAR}, #{type,jdbcType=INTEGER}, 
      #{bizNo,jdbcType=VARCHAR}, #{createTime,jdbcType=TIMESTAMP})
  </insert>
  <insert id="insertSelective" parameterType="com.ule.wholesale.fxpurchase.server.vo.FxOrderMsgPublish" >
    <!--
      WARNING - @mbggenerated
      This element is automatically generated by MyBatis Generator, do not modify.
    -->
    <selectKey resultType="java.lang.Long" keyProperty="id" order="AFTER" >
      SELECT LAST_INSERT_ID()
    </selectKey>
    insert into FX_ORDER_MSG_PUBLISH
    <trim prefix="(" suffix=")" suffixOverrides="," >
      <if test="status != null" >
        STATUS,
      </if>
      <if test="message != null" >
        MESSAGE,
      </if>
      <if test="type != null" >
        TYPE,
      </if>
      <if test="bizNo != null" >
        BIZ_NO,
      </if>
      <if test="createTime != null" >
        CREATE_TIME,
      </if>
    </trim>
    <trim prefix="values (" suffix=")" suffixOverrides="," >
      <if test="status != null" >
        #{status,jdbcType=INTEGER},
      </if>
      <if test="message != null" >
        #{message,jdbcType=VARCHAR},
      </if>
      <if test="type != null" >
        #{type,jdbcType=INTEGER},
      </if>
      <if test="bizNo != null" >
        #{bizNo,jdbcType=VARCHAR},
      </if>
      <if test="createTime != null" >
        #{createTime,jdbcType=TIMESTAMP},
      </if>
    </trim>
  </insert>
  <update id="updateByPrimaryKeySelective" parameterType="com.ule.wholesale.fxpurchase.server.vo.FxOrderMsgPublish" >
    <!--
      WARNING - @mbggenerated
      This element is automatically generated by MyBatis Generator, do not modify.
    -->
    update FX_ORDER_MSG_PUBLISH
    <set >
      <if test="status != null" >
        STATUS = #{status,jdbcType=INTEGER},
      </if>
      <if test="message != null" >
        MESSAGE = #{message,jdbcType=VARCHAR},
      </if>
      <if test="type != null" >
        TYPE = #{type,jdbcType=INTEGER},
      </if>
      <if test="bizNo != null" >
        BIZ_NO = #{bizNo,jdbcType=VARCHAR},
      </if>
      <if test="createTime != null" >
        CREATE_TIME = #{createTime,jdbcType=TIMESTAMP},
      </if>
      <if test="updateTime != null" >
        UPDATE_TIME = #{updateTime,jdbcType=TIMESTAMP},
      </if>
    </set>
    where ID = #{id,jdbcType=BIGINT}
  </update>
  <update id="updateByPrimaryKey" parameterType="com.ule.wholesale.fxpurchase.server.vo.FxOrderMsgPublish" >
    <!--
      WARNING - @mbggenerated
      This element is automatically generated by MyBatis Generator, do not modify.
    -->
    update FX_ORDER_MSG_PUBLISH
    set STATUS = #{status,jdbcType=INTEGER},
      MESSAGE = #{message,jdbcType=VARCHAR},
      TYPE = #{type,jdbcType=INTEGER},
      BIZ_NO = #{bizNo,jdbcType=VARCHAR},
      CREATE_TIME = #{createTime,jdbcType=TIMESTAMP}
      UPDATE_TIME = #{updateTime,jdbcType=TIMESTAMP}
    where ID = #{id,jdbcType=BIGINT}
  </update>
  <update id="updateByIdList" parameterType="java.util.Map">
    <!--
      WARNING - @mbggenerated
      This element is automatically generated by MyBatis Generator, do not modify.
    -->
    update FX_ORDER_MSG_PUBLISH
    set STATUS = #{status,jdbcType=INTEGER},
     UPDATE_TIME = NOW()
    where ID in 
    <foreach collection="idList" item="id" index="index"
            open="(" close=")" separator=",">
            #{id}
    </foreach>
  </update>
</mapper>