<?xml version="1.0" encoding="UTF-8"?>
<!DOCTYPE mapper PUBLIC "-//mybatis.org//DTD Mapper 3.0//EN" "http://mybatis.org/dtd/mybatis-3-mapper.dtd">
<mapper namespace="com.ule.wholesale.fxpurchase.server.mapper.FXReturnOrderMapper">
  <resultMap id="BaseResultMap" type="com.ule.wholesale.fxpurchase.server.vo.FXReturnOrder">
    <!--
      WARNING - @mbggenerated
      This element is automatically generated by MyBatis Generator, do not modify.
    -->
    <id column="ID" jdbcType="BIGINT" property="id" />
    <result column="ORDER_NO" jdbcType="VARCHAR" property="orderNo" />
    <result column="SUPPLIER_ID" jdbcType="BIGINT" property="supplierId" />
    <result column="SUPPLIER_NAME" jdbcType="VARCHAR" property="supplierName" />
    <result column="MERCHANT_ID" jdbcType="BIGINT" property="merchantId" />
    <result column="MERCHANT_NAME" jdbcType="VARCHAR" property="merchantName" />
    <result column="ORG_NAME" jdbcType="VARCHAR" property="orgName" />
    <result column="PROVINCE_ORG_CODE" jdbcType="VARCHAR" property="provinceOrgCode" />
    <result column="CITY_ORG_CODE" jdbcType="VARCHAR" property="cityOrgCode" />
    <result column="REGION_ORG_CODE" jdbcType="VARCHAR" property="regionOrgCode" />
    <result column="ORG_LEVEL" jdbcType="VARCHAR" property="orgLevel" />
    <result column="RECEIVING_WAREHOUSE_ID" jdbcType="BIGINT" property="receivingWarehouseId" />
    <result column="RECEIVING_WAREHOUSE" jdbcType="VARCHAR" property="receivingWarehouse" />
    <result column="WH_ORDER_NO" jdbcType="VARCHAR" property="whOrderNo" />
    <result column="GOODS_NUM" jdbcType="INTEGER" property="goodsNum" />
    <result column="ORDER_AMT" jdbcType="DECIMAL" property="orderAmt" />
    <result column="GOODS_RECEIPT_NUM" jdbcType="INTEGER" property="goodsReceiptNum" />
    <result column="ORDER_ACTUAL_AMT" jdbcType="DECIMAL" property="orderActualAmt" />
    <result column="PLAN_RETURN_TIME" jdbcType="TIMESTAMP" property="planReturnTime" />
    <result column="WH_RETURN_TIME" jdbcType="TIMESTAMP" property="whReturnTime" />
    <result column="STATE" jdbcType="INTEGER" property="state" />
    <result column="DELETE_FLAG" jdbcType="INTEGER" property="deleteFlag" />
    <result column="AUDIT_RESULT" jdbcType="VARCHAR" property="auditResult" />
    <result column="REMARK" jdbcType="VARCHAR" property="remark" />
    <result column="CREATE_USER_ID" jdbcType="BIGINT" property="createUserId" />
    <result column="CREATE_USER" jdbcType="VARCHAR" property="createUser" />
    <result column="CREATE_TIME" jdbcType="TIMESTAMP" property="createTime" />
    <result column="UPDATE_USER_ID" jdbcType="BIGINT" property="updateUserId" />
    <result column="UPDATE_USER" jdbcType="VARCHAR" property="updateUser" />
    <result column="UPDATE_TIME" jdbcType="TIMESTAMP" property="updateTime" />
    <result column="AUDIT_USER_ID" jdbcType="BIGINT" property="auditUserId" />
    <result column="AUDIT_USER" jdbcType="VARCHAR" property="auditUser" />
    <result column="AUDIT_TIME" jdbcType="TIMESTAMP" property="auditTime" />
    <result column="RETURN_USER" jdbcType="VARCHAR" property="returnUser" />
    <result column="RETURN_TIME" jdbcType="TIMESTAMP" property="returnTime" />
    <result column="CANCEL_USER_ID" jdbcType="BIGINT" property="cancelUserId" />
    <result column="CANCEL_USER" jdbcType="VARCHAR" property="cancelUser" />
    <result column="CANCEL_TIME" jdbcType="TIMESTAMP" property="cancelTime" />
    <result column="VERSION" jdbcType="INTEGER" property="version" />
  </resultMap>
  <sql id="Base_Column_List">
    <!--
      WARNING - @mbggenerated
      This element is automatically generated by MyBatis Generator, do not modify.
    -->
    ID, ORDER_NO, SUPPLIER_ID, SUPPLIER_NAME, MERCHANT_ID, MERCHANT_NAME, ORG_NAME, PROVINCE_ORG_CODE, 
    CITY_ORG_CODE, REGION_ORG_CODE, ORG_LEVEL, RECEIVING_WAREHOUSE_ID, RECEIVING_WAREHOUSE, 
    WH_ORDER_NO, GOODS_NUM, ORDER_AMT, GOODS_RECEIPT_NUM, ORDER_ACTUAL_AMT, PLAN_RETURN_TIME, 
    WH_RETURN_TIME, STATE, DELETE_FLAG, AUDIT_RESULT, REMARK, CREATE_USER_ID, CREATE_USER, 
    CREATE_TIME, UPDATE_USER_ID, UPDATE_USER, UPDATE_TIME, AUDIT_USER_ID, AUDIT_USER, 
    AUDIT_TIME, RETURN_USER, RETURN_TIME, CANCEL_USER_ID, CANCEL_USER, CANCEL_TIME, VERSION
  </sql>
  <select id="selectByPrimaryKey" parameterType="java.lang.Long" resultMap="BaseResultMap">
    <!--
      WARNING - @mbggenerated
      This element is automatically generated by MyBatis Generator, do not modify.
    -->
    select 
    <include refid="Base_Column_List" />
    from fx_return_order
    where ID = #{id,jdbcType=BIGINT}
  </select>
  <select id="selectLockByPrimaryKey" parameterType="java.lang.Long" resultMap="BaseResultMap">
    select 
    <include refid="Base_Column_List" />
    from fx_return_order
    where ID = #{id,jdbcType=BIGINT}
  </select>
  <select id="selectByOrderNo" resultMap="BaseResultMap" parameterType="java.lang.String" >
    select 
    <include refid="Base_Column_List" />
    from fx_return_order
    where order_no = #{orderNo,jdbcType=VARCHAR}
  </select>
  
  <select id="getOrderSeq" resultType="java.lang.Integer" parameterType="java.util.Map" >
    select 
    count(1)+1 
    from fx_return_order
    <![CDATA[
    	where id < #{orderId,jdbcType=BIGINT}
    	 and create_time <= #{createTime,jdbcType=TIMESTAMP} 
   		 and create_time >= #{createDate,jdbcType=TIMESTAMP} 
    ]]>
  </select>
  <select id="selectOrderListBySelective" parameterType="java.util.Map" resultMap="BaseResultMap" >
    select 
    <include refid="Base_Column_List" />
    from fx_return_order 
    <where>
    	<trim prefixOverrides="AND |OR ">
    		<if test="orderNo != null" >
		         and order_no = #{orderNo,jdbcType=VARCHAR}
		      </if>
		      <if test="supplierId != null" >
		         and supplier_id = #{supplierId,jdbcType=BIGINT}
		      </if>
		      <if test="supplierName != null" >
		         and supplier_name = #{supplierName,jdbcType=VARCHAR}
		      </if>
		      <if test="merchantId != null" >
		         and merchant_id = #{merchantId,jdbcType=BIGINT}
		      </if>
		      <if test="provinceOrg != null" >
		         and province_org = #{provinceOrg,jdbcType=VARCHAR}
		      </if>
		      <if test="provinceOrgId != null" >
		         and province_org_id = #{provinceOrgId,jdbcType=BIGINT}
		      </if>
		      <if test="cityOrg != null" >
		         and city_org = #{cityOrg,jdbcType=VARCHAR}
		      </if>
		      <if test="cityOrgId != null" >
		         and city_org_id = #{cityOrgId,jdbcType=BIGINT}
		      </if>
		      <if test="regionOrg != null" >
		         and region_org = #{regionOrg,jdbcType=VARCHAR}
		      </if>
		      <if test="regionOrgId != null" >
		         and region_org_id = #{regionOrgId,jdbcType=BIGINT}
		      </if>
		      <if test="receivingWarehouseId != null" >
		         and receiving_warehouse_id = #{receivingWarehouseId,jdbcType=BIGINT}
		      </if>
		      <if test="whOrderNo != null" >
		         and wh_order_no = #{whOrderNo,jdbcType=VARCHAR}
		      </if>
		      <if test="planReturnTime != null" >
		         and plan_return_time = #{planReturnTime,jdbcType=TIMESTAMP}
		      </if>
		      <if test="startTime != null" >
		        <![CDATA[ and  plan_return_time >= #{startTime,jdbcType=TIMESTAMP}]]>
		      </if>
		      <if test="endTime != null" >
		         <![CDATA[ and plan_return_time <= #{endTime,jdbcType=TIMESTAMP}]]>
		      </if>
		      <if test="whReturnTime != null" >
		         and wh_return_time = #{whReturnTime,jdbcType=TIMESTAMP}
		      </if>
		      <if test="whStartTime != null" >
		         <![CDATA[ and wh_return_time >= #{whStartTime,jdbcType=TIMESTAMP}]]>
		      </if>
		      <if test="whEndTime != null" >
		         <![CDATA[ and wh_return_time <= #{whEndTime,jdbcType=TIMESTAMP}]]>
		      </if>
		      <if test="state != null" >
		         and state = #{state,jdbcType=INTEGER}
		      </if>
		      <if test="receiptTime != null" >
		         and receipt_time = #{receiptTime,jdbcType=TIMESTAMP}
		      </if>
		       and DELETE_FLAG != 1 
		       <if test="orgLevel != null" >
			    	and org_level = #{orgLevel,jdbcType=INTEGER}
			    	<if test="provinceOrgCode != null and orgLevel == 1">
			    		and province_org_code = #{provinceOrgCode,jdbcType=VARCHAR}
			    	</if>
			    	<if test="cityOrgCode != null and orgLevel == 2">
			    		and city_org_code = #{cityOrgCode,jdbcType=VARCHAR}
			    	</if>
			    	<if test="regionOrgCode != null and orgLevel == 3">
			    		and region_org_code = #{regionOrgCode,jdbcType=VARCHAR}
			    	</if>
			    </if>
    	</trim>
    </where>
  </select>
  
  <delete id="deleteByPrimaryKey" parameterType="java.lang.Long" >
    <!--
      WARNING - @mbggenerated
      This element is automatically generated by MyBatis Generator, do not modify.
    -->
    delete from fx_return_order
    where id = #{id,jdbcType=BIGINT}
  </delete>
  <insert id="insert" parameterType="com.ule.wholesale.fxpurchase.server.vo.FXReturnOrder">
    <!--
      WARNING - @mbggenerated
      This element is automatically generated by MyBatis Generator, do not modify.
    -->
    <selectKey keyProperty="id" order="AFTER" resultType="java.lang.Long">
      SELECT LAST_INSERT_ID()
    </selectKey>
    insert into fx_return_order (ORDER_NO, SUPPLIER_ID, SUPPLIER_NAME, 
      MERCHANT_ID, MERCHANT_NAME, ORG_NAME, 
      PROVINCE_ORG_CODE, CITY_ORG_CODE, REGION_ORG_CODE, 
      ORG_LEVEL, RECEIVING_WAREHOUSE_ID, RECEIVING_WAREHOUSE, 
      WH_ORDER_NO, GOODS_NUM, ORDER_AMT, 
      GOODS_RECEIPT_NUM, ORDER_ACTUAL_AMT, PLAN_RETURN_TIME, 
      WH_RETURN_TIME, STATE, DELETE_FLAG, 
      AUDIT_RESULT, REMARK, CREATE_USER_ID, 
      CREATE_USER, CREATE_TIME, UPDATE_USER_ID, 
      UPDATE_USER, UPDATE_TIME, AUDIT_USER_ID, 
      AUDIT_USER, AUDIT_TIME, RETURN_USER, 
      RETURN_TIME, CANCEL_USER_ID, CANCEL_USER, 
      CANCEL_TIME, VERSION)
    values (#{orderNo,jdbcType=VARCHAR}, #{supplierId,jdbcType=BIGINT}, #{supplierName,jdbcType=VARCHAR}, 
      #{merchantId,jdbcType=BIGINT}, #{merchantName,jdbcType=VARCHAR}, #{orgName,jdbcType=VARCHAR}, 
      #{provinceOrgCode,jdbcType=VARCHAR}, #{cityOrgCode,jdbcType=VARCHAR}, #{regionOrgCode,jdbcType=VARCHAR}, 
      #{orgLevel,jdbcType=VARCHAR}, #{receivingWarehouseId,jdbcType=BIGINT}, #{receivingWarehouse,jdbcType=VARCHAR}, 
      #{whOrderNo,jdbcType=VARCHAR}, #{goodsNum,jdbcType=INTEGER}, #{orderAmt,jdbcType=DECIMAL}, 
      #{goodsReceiptNum,jdbcType=INTEGER}, #{orderActualAmt,jdbcType=DECIMAL}, #{planReturnTime,jdbcType=TIMESTAMP}, 
      #{whReturnTime,jdbcType=TIMESTAMP}, #{state,jdbcType=INTEGER}, #{deleteFlag,jdbcType=INTEGER}, 
      #{auditResult,jdbcType=VARCHAR}, #{remark,jdbcType=VARCHAR}, #{createUserId,jdbcType=BIGINT}, 
      #{createUser,jdbcType=VARCHAR}, #{createTime,jdbcType=TIMESTAMP}, #{updateUserId,jdbcType=BIGINT}, 
      #{updateUser,jdbcType=VARCHAR}, #{updateTime,jdbcType=TIMESTAMP}, #{auditUserId,jdbcType=BIGINT}, 
      #{auditUser,jdbcType=VARCHAR}, #{auditTime,jdbcType=TIMESTAMP}, #{returnUser,jdbcType=VARCHAR}, 
      #{returnTime,jdbcType=TIMESTAMP}, #{cancelUserId,jdbcType=BIGINT}, #{cancelUser,jdbcType=VARCHAR}, 
      #{cancelTime,jdbcType=TIMESTAMP}, #{version,jdbcType=INTEGER})
  </insert>
  <insert id="insertSelective" parameterType="com.ule.wholesale.fxpurchase.server.vo.FXReturnOrder">
    <!--
      WARNING - @mbggenerated
      This element is automatically generated by MyBatis Generator, do not modify.
    -->
    <selectKey keyProperty="id" order="AFTER" resultType="java.lang.Long">
      SELECT LAST_INSERT_ID()
    </selectKey>
    insert into fx_return_order
    <trim prefix="(" suffix=")" suffixOverrides=",">
      <if test="orderNo != null">
        ORDER_NO,
      </if>
      <if test="supplierId != null">
        SUPPLIER_ID,
      </if>
      <if test="supplierName != null">
        SUPPLIER_NAME,
      </if>
      <if test="merchantId != null">
        MERCHANT_ID,
      </if>
      <if test="merchantName != null">
        MERCHANT_NAME,
      </if>
      <if test="orgName != null">
        ORG_NAME,
      </if>
      <if test="provinceOrgCode != null">
        PROVINCE_ORG_CODE,
      </if>
      <if test="cityOrgCode != null">
        CITY_ORG_CODE,
      </if>
      <if test="regionOrgCode != null">
        REGION_ORG_CODE,
      </if>
      <if test="orgLevel != null">
        ORG_LEVEL,
      </if>
      <if test="receivingWarehouseId != null">
        RECEIVING_WAREHOUSE_ID,
      </if>
      <if test="receivingWarehouse != null">
        RECEIVING_WAREHOUSE,
      </if>
      <if test="whOrderNo != null">
        WH_ORDER_NO,
      </if>
      <if test="goodsNum != null">
        GOODS_NUM,
      </if>
      <if test="orderAmt != null">
        ORDER_AMT,
      </if>
      <if test="goodsReceiptNum != null">
        GOODS_RECEIPT_NUM,
      </if>
      <if test="orderActualAmt != null">
        ORDER_ACTUAL_AMT,
      </if>
      <if test="planReturnTime != null">
        PLAN_RETURN_TIME,
      </if>
      <if test="whReturnTime != null">
        WH_RETURN_TIME,
      </if>
      <if test="state != null">
        STATE,
      </if>
      <if test="deleteFlag != null">
        DELETE_FLAG,
      </if>
      <if test="auditResult != null">
        AUDIT_RESULT,
      </if>
      <if test="remark != null">
        REMARK,
      </if>
      <if test="createUserId != null">
        CREATE_USER_ID,
      </if>
      <if test="createUser != null">
        CREATE_USER,
      </if>
      <if test="createTime != null">
        CREATE_TIME,
      </if>
      <if test="updateUserId != null">
        UPDATE_USER_ID,
      </if>
      <if test="updateUser != null">
        UPDATE_USER,
      </if>
      <if test="updateTime != null">
        UPDATE_TIME,
      </if>
      <if test="auditUserId != null">
        AUDIT_USER_ID,
      </if>
      <if test="auditUser != null">
        AUDIT_USER,
      </if>
      <if test="auditTime != null">
        AUDIT_TIME,
      </if>
      <if test="returnUser != null">
        RETURN_USER,
      </if>
      <if test="returnTime != null">
        RETURN_TIME,
      </if>
      <if test="cancelUserId != null">
        CANCEL_USER_ID,
      </if>
      <if test="cancelUser != null">
        CANCEL_USER,
      </if>
      <if test="cancelTime != null">
        CANCEL_TIME,
      </if>
      <if test="version != null">
        VERSION,
      </if>
    </trim>
    <trim prefix="values (" suffix=")" suffixOverrides=",">
      <if test="orderNo != null">
        #{orderNo,jdbcType=VARCHAR},
      </if>
      <if test="supplierId != null">
        #{supplierId,jdbcType=BIGINT},
      </if>
      <if test="supplierName != null">
        #{supplierName,jdbcType=VARCHAR},
      </if>
      <if test="merchantId != null">
        #{merchantId,jdbcType=BIGINT},
      </if>
      <if test="merchantName != null">
        #{merchantName,jdbcType=VARCHAR},
      </if>
      <if test="orgName != null">
        #{orgName,jdbcType=VARCHAR},
      </if>
      <if test="provinceOrgCode != null">
        #{provinceOrgCode,jdbcType=VARCHAR},
      </if>
      <if test="cityOrgCode != null">
        #{cityOrgCode,jdbcType=VARCHAR},
      </if>
      <if test="regionOrgCode != null">
        #{regionOrgCode,jdbcType=VARCHAR},
      </if>
      <if test="orgLevel != null">
        #{orgLevel,jdbcType=VARCHAR},
      </if>
      <if test="receivingWarehouseId != null">
        #{receivingWarehouseId,jdbcType=BIGINT},
      </if>
      <if test="receivingWarehouse != null">
        #{receivingWarehouse,jdbcType=VARCHAR},
      </if>
      <if test="whOrderNo != null">
        #{whOrderNo,jdbcType=VARCHAR},
      </if>
      <if test="goodsNum != null">
        #{goodsNum,jdbcType=INTEGER},
      </if>
      <if test="orderAmt != null">
        #{orderAmt,jdbcType=DECIMAL},
      </if>
      <if test="goodsReceiptNum != null">
        #{goodsReceiptNum,jdbcType=INTEGER},
      </if>
      <if test="orderActualAmt != null">
        #{orderActualAmt,jdbcType=DECIMAL},
      </if>
      <if test="planReturnTime != null">
        #{planReturnTime,jdbcType=TIMESTAMP},
      </if>
      <if test="whReturnTime != null">
        #{whReturnTime,jdbcType=TIMESTAMP},
      </if>
      <if test="state != null">
        #{state,jdbcType=INTEGER},
      </if>
      <if test="deleteFlag != null">
        #{deleteFlag,jdbcType=INTEGER},
      </if>
      <if test="auditResult != null">
        #{auditResult,jdbcType=VARCHAR},
      </if>
      <if test="remark != null">
        #{remark,jdbcType=VARCHAR},
      </if>
      <if test="createUserId != null">
        #{createUserId,jdbcType=BIGINT},
      </if>
      <if test="createUser != null">
        #{createUser,jdbcType=VARCHAR},
      </if>
      <if test="createTime != null">
        #{createTime,jdbcType=TIMESTAMP},
      </if>
      <if test="updateUserId != null">
        #{updateUserId,jdbcType=BIGINT},
      </if>
      <if test="updateUser != null">
        #{updateUser,jdbcType=VARCHAR},
      </if>
      <if test="updateTime != null">
        #{updateTime,jdbcType=TIMESTAMP},
      </if>
      <if test="auditUserId != null">
        #{auditUserId,jdbcType=BIGINT},
      </if>
      <if test="auditUser != null">
        #{auditUser,jdbcType=VARCHAR},
      </if>
      <if test="auditTime != null">
        #{auditTime,jdbcType=TIMESTAMP},
      </if>
      <if test="returnUser != null">
        #{returnUser,jdbcType=VARCHAR},
      </if>
      <if test="returnTime != null">
        #{returnTime,jdbcType=TIMESTAMP},
      </if>
      <if test="cancelUserId != null">
        #{cancelUserId,jdbcType=BIGINT},
      </if>
      <if test="cancelUser != null">
        #{cancelUser,jdbcType=VARCHAR},
      </if>
      <if test="cancelTime != null">
        #{cancelTime,jdbcType=TIMESTAMP},
      </if>
      <if test="version != null">
        #{version,jdbcType=INTEGER},
      </if>
    </trim>
  </insert>
  <update id="updateByPrimaryKeySelective" parameterType="com.ule.wholesale.fxpurchase.server.vo.FXReturnOrder">
    <!--
      WARNING - @mbggenerated
      This element is automatically generated by MyBatis Generator, do not modify.
    -->
    update fx_return_order
    <set>
      <if test="orderNo != null">
        ORDER_NO = #{orderNo,jdbcType=VARCHAR},
      </if>
      <if test="supplierId != null">
        SUPPLIER_ID = #{supplierId,jdbcType=BIGINT},
      </if>
      <if test="supplierName != null">
        SUPPLIER_NAME = #{supplierName,jdbcType=VARCHAR},
      </if>
      <if test="merchantId != null">
        MERCHANT_ID = #{merchantId,jdbcType=BIGINT},
      </if>
      <if test="merchantName != null">
        MERCHANT_NAME = #{merchantName,jdbcType=VARCHAR},
      </if>
      <if test="orgName != null">
        ORG_NAME = #{orgName,jdbcType=VARCHAR},
      </if>
      <if test="provinceOrgCode != null">
        PROVINCE_ORG_CODE = #{provinceOrgCode,jdbcType=VARCHAR},
      </if>
      <if test="cityOrgCode != null">
        CITY_ORG_CODE = #{cityOrgCode,jdbcType=VARCHAR},
      </if>
      <if test="regionOrgCode != null">
        REGION_ORG_CODE = #{regionOrgCode,jdbcType=VARCHAR},
      </if>
      <if test="orgLevel != null">
        ORG_LEVEL = #{orgLevel,jdbcType=VARCHAR},
      </if>
      <if test="receivingWarehouseId != null">
        RECEIVING_WAREHOUSE_ID = #{receivingWarehouseId,jdbcType=BIGINT},
      </if>
      <if test="receivingWarehouse != null">
        RECEIVING_WAREHOUSE = #{receivingWarehouse,jdbcType=VARCHAR},
      </if>
      <if test="whOrderNo != null">
        WH_ORDER_NO = #{whOrderNo,jdbcType=VARCHAR},
      </if>
      <if test="goodsNum != null">
        GOODS_NUM = #{goodsNum,jdbcType=INTEGER},
      </if>
      <if test="orderAmt != null">
        ORDER_AMT = #{orderAmt,jdbcType=DECIMAL},
      </if>
      <if test="goodsReceiptNum != null">
        GOODS_RECEIPT_NUM = #{goodsReceiptNum,jdbcType=INTEGER},
      </if>
      <if test="orderActualAmt != null">
        ORDER_ACTUAL_AMT = #{orderActualAmt,jdbcType=DECIMAL},
      </if>
      <if test="planReturnTime != null">
        PLAN_RETURN_TIME = #{planReturnTime,jdbcType=TIMESTAMP},
      </if>
      <if test="whReturnTime != null">
        WH_RETURN_TIME = #{whReturnTime,jdbcType=TIMESTAMP},
      </if>
      <if test="state != null">
        STATE = #{state,jdbcType=INTEGER},
      </if>
      <if test="deleteFlag != null">
        DELETE_FLAG = #{deleteFlag,jdbcType=INTEGER},
      </if>
      <if test="auditResult != null">
        AUDIT_RESULT = #{auditResult,jdbcType=VARCHAR},
      </if>
      <if test="remark != null">
        REMARK = #{remark,jdbcType=VARCHAR},
      </if>
      <if test="createUserId != null">
        CREATE_USER_ID = #{createUserId,jdbcType=BIGINT},
      </if>
      <if test="createUser != null">
        CREATE_USER = #{createUser,jdbcType=VARCHAR},
      </if>
      <if test="createTime != null">
        CREATE_TIME = #{createTime,jdbcType=TIMESTAMP},
      </if>
      <if test="updateUserId != null">
        UPDATE_USER_ID = #{updateUserId,jdbcType=BIGINT},
      </if>
      <if test="updateUser != null">
        UPDATE_USER = #{updateUser,jdbcType=VARCHAR},
      </if>
      <if test="updateTime != null">
        UPDATE_TIME = #{updateTime,jdbcType=TIMESTAMP},
      </if>
      <if test="auditUserId != null">
        AUDIT_USER_ID = #{auditUserId,jdbcType=BIGINT},
      </if>
      <if test="auditUser != null">
        AUDIT_USER = #{auditUser,jdbcType=VARCHAR},
      </if>
      <if test="auditTime != null">
        AUDIT_TIME = #{auditTime,jdbcType=TIMESTAMP},
      </if>
      <if test="returnUser != null">
        RETURN_USER = #{returnUser,jdbcType=VARCHAR},
      </if>
      <if test="returnTime != null">
        RETURN_TIME = #{returnTime,jdbcType=TIMESTAMP},
      </if>
      <if test="cancelUserId != null">
        CANCEL_USER_ID = #{cancelUserId,jdbcType=BIGINT},
      </if>
      <if test="cancelUser != null">
        CANCEL_USER = #{cancelUser,jdbcType=VARCHAR},
      </if>
      <if test="cancelTime != null">
        CANCEL_TIME = #{cancelTime,jdbcType=TIMESTAMP},
      </if>
      <if test="version != null">
        VERSION = #{version,jdbcType=INTEGER},
      </if>
    </set>
    where ID = #{id,jdbcType=BIGINT}
  </update>
  <update id="updateByPrimaryKey" parameterType="com.ule.wholesale.fxpurchase.server.vo.FXReturnOrder">
    <!--
      WARNING - @mbggenerated
      This element is automatically generated by MyBatis Generator, do not modify.
    -->
    update fx_return_order
    set ORDER_NO = #{orderNo,jdbcType=VARCHAR},
      SUPPLIER_ID = #{supplierId,jdbcType=BIGINT},
      SUPPLIER_NAME = #{supplierName,jdbcType=VARCHAR},
      MERCHANT_ID = #{merchantId,jdbcType=BIGINT},
      MERCHANT_NAME = #{merchantName,jdbcType=VARCHAR},
      ORG_NAME = #{orgName,jdbcType=VARCHAR},
      PROVINCE_ORG_CODE = #{provinceOrgCode,jdbcType=VARCHAR},
      CITY_ORG_CODE = #{cityOrgCode,jdbcType=VARCHAR},
      REGION_ORG_CODE = #{regionOrgCode,jdbcType=VARCHAR},
      ORG_LEVEL = #{orgLevel,jdbcType=VARCHAR},
      RECEIVING_WAREHOUSE_ID = #{receivingWarehouseId,jdbcType=BIGINT},
      RECEIVING_WAREHOUSE = #{receivingWarehouse,jdbcType=VARCHAR},
      WH_ORDER_NO = #{whOrderNo,jdbcType=VARCHAR},
      GOODS_NUM = #{goodsNum,jdbcType=INTEGER},
      ORDER_AMT = #{orderAmt,jdbcType=DECIMAL},
      GOODS_RECEIPT_NUM = #{goodsReceiptNum,jdbcType=INTEGER},
      ORDER_ACTUAL_AMT = #{orderActualAmt,jdbcType=DECIMAL},
      PLAN_RETURN_TIME = #{planReturnTime,jdbcType=TIMESTAMP},
      WH_RETURN_TIME = #{whReturnTime,jdbcType=TIMESTAMP},
      STATE = #{state,jdbcType=INTEGER},
      DELETE_FLAG = #{deleteFlag,jdbcType=INTEGER},
      AUDIT_RESULT = #{auditResult,jdbcType=VARCHAR},
      REMARK = #{remark,jdbcType=VARCHAR},
      CREATE_USER_ID = #{createUserId,jdbcType=BIGINT},
      CREATE_USER = #{createUser,jdbcType=VARCHAR},
      CREATE_TIME = #{createTime,jdbcType=TIMESTAMP},
      UPDATE_USER_ID = #{updateUserId,jdbcType=BIGINT},
      UPDATE_USER = #{updateUser,jdbcType=VARCHAR},
      UPDATE_TIME = #{updateTime,jdbcType=TIMESTAMP},
      AUDIT_USER_ID = #{auditUserId,jdbcType=BIGINT},
      AUDIT_USER = #{auditUser,jdbcType=VARCHAR},
      AUDIT_TIME = #{auditTime,jdbcType=TIMESTAMP},
      RETURN_USER = #{returnUser,jdbcType=VARCHAR},
      RETURN_TIME = #{returnTime,jdbcType=TIMESTAMP},
      CANCEL_USER_ID = #{cancelUserId,jdbcType=BIGINT},
      CANCEL_USER = #{cancelUser,jdbcType=VARCHAR},
      CANCEL_TIME = #{cancelTime,jdbcType=TIMESTAMP},
      VERSION = #{version,jdbcType=INTEGER}
    where ID = #{id,jdbcType=BIGINT}
  </update>
  
  <select id="selectRerurnOrderList" parameterType="com.ule.wholesale.fxpurchase.server.vo.FXReturnOrder" resultMap="BaseResultMap">
  	select fro.id,
  			  fro.order_no,
  			  fro.supplier_id,
  			  fro.supplier_name,
  			  fro.merchant_name,
  			  fro.receiving_warehouse,
  			  fro.state,
  			  fro.plan_return_time,
  			  fro.wh_return_time
  	  from  fx_return_order fro where 1=1 and DELETE_FLAG != 1
  	 <if test="orderNo != null   and orderNo !=''">
      and  order_no = #{orderNo,jdbcType=VARCHAR}
      </if>
      <if test="supplierId != null  and supplierId!='' ">
       and   supplier_id = #{supplierId,jdbcType=BIGINT}
      </if>
      <if test="supplierName != null and  supplierName != ''">
       and   supplier_name = #{supplierName,jdbcType=VARCHAR}
      </if>
      <if test="merchantId != null and  merchantId != ''">
        and  merchant_id = #{merchantId,jdbcType=BIGINT}
      </if>
      <if test="merchantName != null and merchantName != ''">
        and  merchant_name = #{merchantName,jdbcType=VARCHAR}
      </if>
      <if test="provinceOrgCode != null and provinceOrgCode != ''">
        and  province_org_code = #{provinceOrgCode,jdbcType=VARCHAR}
      </if>
      <if test="cityOrgCode != null and cityOrgCode != ''">
       and   city_org_code = #{cityOrgCode,jdbcType=VARCHAR}
      </if>
      <if test="regionOrgCode != null and regionOrgCode != ''">
       and   region_org_code = #{regionOrgCode,jdbcType=VARCHAR}
      </if>
      <if test="orgLevel != null and orgLevel != ''">
       and   org_level = #{orgLevel,jdbcType=VARCHAR}
      </if>
      <if test="receivingWarehouseId != null and receivingWarehouseId != ''">
       and   receiving_warehouse_id = #{receivingWarehouseId,jdbcType=BIGINT}
      </if>
      <if test="receivingWarehouse != null and receivingWarehouse != ''">
      and    receiving_warehouse = #{receivingWarehouse,jdbcType=VARCHAR}
      </if>
      <if test="planReturnTime != null and planReturnTime != ''">
       and   plan_return_time = #{planReturnTime,jdbcType=TIMESTAMP}
      </if>
      <if test="whReturnTime != null and whReturnTime != ''">
         and wh_return_time = #{whReturnTime,jdbcType=TIMESTAMP}
      </if>
      <if test="state != null and state != ''">
       and   state = #{state,jdbcType=INTEGER}
      </if>
      <if test="version != null and version != ''">
       and   version = #{version,jdbcType=INTEGER}
      </if>
  </select>
</mapper>