<?xml version="1.0" encoding="UTF-8" ?>
<!DOCTYPE mapper PUBLIC "-//mybatis.org//DTD Mapper 3.0//EN" "http://mybatis.org/dtd/mybatis-3-mapper.dtd" >
<mapper namespace="com.ule.wholesale.fxpurchase.server.mapper.FXRequireGoodsListMapper" >
  <resultMap id="BaseResultMap" type="com.ule.wholesale.fxpurchase.server.vo.FXRequireGoodsList" >
    <id column="ID" property="id" jdbcType="BIGINT" />
    <result column="PROVINCE_ORG_CODE" property="provinceOrgCode" jdbcType="VARCHAR" />
    <result column="CITY_ORG_CODE" property="cityOrgCode" jdbcType="VARCHAR" />
    <result column="REGION_ORG_CODE" property="regionOrgCode" jdbcType="VARCHAR" />
    <result column="ORG_LEVEL" property="orgLevel" jdbcType="VARCHAR" />
    <result column="ORG_NAME" property="orgName" jdbcType="VARCHAR" />
    <result column="ORDER_ORG_CODE" property="orderOrgCode" jdbcType="VARCHAR" />
    <result column="ORDER_ORG_NAME" property="orderOrgName" jdbcType="VARCHAR" />
    <result column="RECEIVE_ADDRESS" property="receiveAddress" jdbcType="VARCHAR" />
    <result column="REQUIRE_TIME" property="requireTime" jdbcType="TIMESTAMP" />
    <result column="EXPECT_DELIVERY_TIME" property="expectDeliveryTime" jdbcType="TIMESTAMP" />
    <result column="SOURCE_ORDER_NO" property="sourceOrderNo" jdbcType="VARCHAR" />
    <result column="DMS_ITEM_CODE" property="dmsItemCode" jdbcType="VARCHAR" />
    <result column="DMS_ITEM_NAME" property="dmsItemName" jdbcType="VARCHAR" />
    <result column="DMS_ITEM_PRICE" property="dmsItemPrice" jdbcType="DECIMAL" />
    <result column="NUMBER" property="number" jdbcType="INTEGER" />
    <result column="AMOUNT" property="amount" jdbcType="DECIMAL" />
    <result column="STATE" property="state" jdbcType="INTEGER" />
    <result column="BIZ_ORDER_ID" property="bizOrderId" jdbcType="BIGINT" />
    <result column="BIZ_ORDER_NO" property="bizOrderNo" jdbcType="VARCHAR" />
    <result column="BIZ_ORDER_TYPE" property="bizOrderType" jdbcType="INTEGER" />
    <result column="REMARK" property="remark" jdbcType="VARCHAR" />
    <result column="CREATE_TIME" property="createTime" jdbcType="TIMESTAMP" />
    <result column="DISTRIBUTE_TIME" property="distributeTime" jdbcType="TIMESTAMP" />
    <result column="FINISH_TIME" property="finishTime" jdbcType="TIMESTAMP" />
    <result column="CANCEL_TIME" property="cancelTime" jdbcType="TIMESTAMP" />
    <result column="VERSION" property="version" jdbcType="INTEGER" />
    <result column="DMS_ITEM_SPEC" property="dmsItemSpec" jdbcType="VARCHAR" />
    <result column="DMS_ITEM_UNIT" property="dmsItemUnit" jdbcType="VARCHAR" />
  </resultMap>
  <resultMap id="ExtendResultMap" type="com.ule.wholesale.fxpurchase.server.dto.FXRequireGoodsListDto" >
    <result column="ITEM_CODE" property="itemCode" jdbcType="VARCHAR" />
    <result column="ITEM_NAME" property="itemName" jdbcType="VARCHAR" />
    <result column="SIGN_PROVINCE_CODE" property="signProvinceCode" jdbcType="VARCHAR" />
    <result column="SIGN_CITY_CODE" property="signCityCode" jdbcType="VARCHAR" />
    <result column="SIGN_REGION_CODE" property="signRegionCode" jdbcType="VARCHAR" />
  </resultMap>
  <sql id="Base_Column_List" >
    ID, PROVINCE_ORG_CODE, CITY_ORG_CODE, REGION_ORG_CODE, ORG_LEVEL, ORG_NAME, ORDER_ORG_CODE, 
    ORDER_ORG_NAME, RECEIVE_ADDRESS, REQUIRE_TIME, EXPECT_DELIVERY_TIME, SOURCE_ORDER_NO, 
    DMS_ITEM_CODE, DMS_ITEM_NAME, DMS_ITEM_PRICE, NUMBER, AMOUNT, STATE, BIZ_ORDER_ID, 
    BIZ_ORDER_NO, BIZ_ORDER_TYPE, REMARK, CREATE_TIME, DISTRIBUTE_TIME, FINISH_TIME, 
    CANCEL_TIME, VERSION, DMS_ITEM_SPEC, DMS_ITEM_UNIT
  </sql>
  <sql id="Extend_Column_List" >
    a.ID, a.PROVINCE_ORG_CODE, a.CITY_ORG_CODE, a.REGION_ORG_CODE, a.ORG_LEVEL, a.ORG_NAME, a.ORDER_ORG_CODE, 
    a.ORDER_ORG_NAME, a.RECEIVE_ADDRESS, a.REQUIRE_TIME, a.EXPECT_DELIVERY_TIME, a.SOURCE_ORDER_NO, 
    a.DMS_ITEM_CODE, a.DMS_ITEM_NAME, a.DMS_ITEM_PRICE, a.NUMBER, a.AMOUNT, a.STATE, a.BIZ_ORDER_ID, 
    a.BIZ_ORDER_NO, a.BIZ_ORDER_TYPE, a.REMARK, a.CREATE_TIME, a.DISTRIBUTE_TIME, a.FINISH_TIME, 
    a.CANCEL_TIME, a.VERSION, a.DMS_ITEM_SPEC, a.DMS_ITEM_UNIT,
    b.ITEM_CODE, b.ITEM_NAME
  </sql>
  <sql id="Select_Where_List">
    <if test="signProvinceCode!=null">
      and b.SIGN_PROVINCE_CODE = #{signProvinceCode,jdbcType=VARCHAR}
    </if>
    <if test="signCityCode!=null">
      and b.SIGN_CITY_CODE = #{signCityCode,jdbcType=VARCHAR}
    </if>
    <if test="signRegionCode!=null">
      and b.SIGN_REGION_CODE = #{signRegionCode,jdbcType=VARCHAR}
    </if>
    <if test="sourceOrderNo!=null">
      and a.SOURCE_ORDER_NO like concat(concat('%',#{sourceOrderNo,jdbcType=VARCHAR}),'%')
    </if>
    <if test="dmsItemCode!=null">
      and a.DMS_ITEM_CODE like concat(concat('%',#{dmsItemCode,jdbcType=VARCHAR}),'%')
    </if>
    <if test="dmsItemName!=null">
      and a.DMS_ITEM_NAME like concat(concat('%',#{dmsItemName,jdbcType=VARCHAR}),'%')
    </if>
    <if test="state!=null">
      and a.state = #{state,jdbcType=INTEGER}
    </if>
    <if test="stateAttr!=null">
      <foreach collection="stateAttr" index="index" item="state" open=" and a.state IN (" separator="," close=")">
          #{state,jdbcType=INTEGER}
      </foreach>
    </if>
    <if test="itemCode!=null">
      and b.ITEM_CODE like concat(concat('%',#{itemCode,jdbcType=VARCHAR}),'%')
    </if>
    <if test="itemName!=null">
      and b.ITEM_NAME like concat(concat('%',#{itemName,jdbcType=VARCHAR}),'%')
    </if>
    <if test="bizOrderType!=null">
      and a.BIZ_ORDER_TYPE = #{bizOrderType,jdbcType=INTEGER}
    </if>
    <if test="bizOrderNo!=null">
      and a.BIZ_ORDER_NO like concat(concat('%',#{bizOrderNo,jdbcType=VARCHAR}),'%')
    </if>
  </sql>
  <select id="selectByPrimaryKey" resultMap="BaseResultMap" parameterType="java.lang.Long" >
    select 
    <include refid="Base_Column_List" />
    from fx_require_goods_list
    where ID = #{id,jdbcType=BIGINT}
  </select>
  <select id="selectByOrderOrgCodeAndDmsItemCode" resultMap="BaseResultMap" parameterType="java.lang.String" >
    select 
    <include refid="Base_Column_List" />
    from fx_require_goods_list
    where ORDER_ORG_CODE = #{orderOrgCode,jdbcType=VARCHAR}
    and DMS_ITEM_CODE = #{dmsItemCode,jdbcType=VARCHAR}
  </select>
  <select id="selectByParams" resultMap="BaseResultMap" parameterType="java.util.Map">
    select 
    <include refid="Extend_Column_List" />
    from fx_require_goods_list a, fx_goods_compare_list b
    where a.DMS_ITEM_CODE = b.DMS_ITEM_CODE
    <include refid="Select_Where_List"></include>
  </select>
  <delete id="deleteByPrimaryKey" parameterType="java.lang.Long" >
    delete from fx_require_goods_list
    where ID = #{id,jdbcType=BIGINT}
  </delete>
  <insert id="insert" parameterType="com.ule.wholesale.fxpurchase.server.vo.FXRequireGoodsList" >
    <selectKey resultType="java.lang.Long" keyProperty="id" order="BEFORE" >
      SELECT LAST_INSERT_ID()
    </selectKey>
    insert into fx_require_goods_list (ID, PROVINCE_ORG_CODE, CITY_ORG_CODE, 
      REGION_ORG_CODE, ORG_LEVEL, ORG_NAME, 
      ORDER_ORG_CODE, ORDER_ORG_NAME, RECEIVE_ADDRESS, 
      REQUIRE_TIME, EXPECT_DELIVERY_TIME, SOURCE_ORDER_NO, 
      DMS_ITEM_CODE, DMS_ITEM_NAME, DMS_ITEM_PRICE, 
      NUMBER, AMOUNT, STATE, 
      BIZ_ORDER_ID, BIZ_ORDER_NO, BIZ_ORDER_TYPE, 
      REMARK, CREATE_TIME, DISTRIBUTE_TIME, 
      FINISH_TIME, CANCEL_TIME, VERSION, DMS_ITEM_SPEC, DMS_ITEM_UNIT
      )
    values (#{id,jdbcType=BIGINT}, #{provinceOrgCode,jdbcType=VARCHAR}, #{cityOrgCode,jdbcType=VARCHAR}, 
      #{regionOrgCode,jdbcType=VARCHAR}, #{orgLevel,jdbcType=VARCHAR}, #{orgName,jdbcType=VARCHAR}, 
      #{orderOrgCode,jdbcType=VARCHAR}, #{orderOrgName,jdbcType=VARCHAR}, #{receiveAddress,jdbcType=VARCHAR}, 
      #{requireTime,jdbcType=TIMESTAMP}, #{expectDeliveryTime,jdbcType=TIMESTAMP}, #{sourceOrderNo,jdbcType=VARCHAR}, 
      #{dmsItemCode,jdbcType=VARCHAR}, #{dmsItemName,jdbcType=VARCHAR}, #{dmsItemPrice,jdbcType=DECIMAL}, 
      #{number,jdbcType=INTEGER}, #{amount,jdbcType=DECIMAL}, #{state,jdbcType=INTEGER}, 
      #{bizOrderId,jdbcType=BIGINT}, #{bizOrderNo,jdbcType=VARCHAR}, #{bizOrderType,jdbcType=INTEGER}, 
      #{remark,jdbcType=VARCHAR}, #{createTime,jdbcType=TIMESTAMP}, #{distributeTime,jdbcType=TIMESTAMP}, 
      #{finishTime,jdbcType=TIMESTAMP}, #{cancelTime,jdbcType=TIMESTAMP}, #{version,jdbcType=INTEGER},
      #{dmsItemSpec,jdbcType=VARCHAR}, #{dmsItemUnit,jdbcType=VARCHAR})
  </insert>
  <insert id="insertSelective" parameterType="com.ule.wholesale.fxpurchase.server.vo.FXRequireGoodsList" >
    <selectKey resultType="java.lang.Long" keyProperty="id" order="BEFORE" >
      SELECT LAST_INSERT_ID()
    </selectKey>
    insert into fx_require_goods_list
    <trim prefix="(" suffix=")" suffixOverrides="," >
      ID,
      <if test="provinceOrgCode != null" >
        PROVINCE_ORG_CODE,
      </if>
      <if test="cityOrgCode != null" >
        CITY_ORG_CODE,
      </if>
      <if test="regionOrgCode != null" >
        REGION_ORG_CODE,
      </if>
      <if test="orgLevel != null" >
        ORG_LEVEL,
      </if>
      <if test="orgName != null" >
        ORG_NAME,
      </if>
      <if test="orderOrgCode != null" >
        ORDER_ORG_CODE,
      </if>
      <if test="orderOrgName != null" >
        ORDER_ORG_NAME,
      </if>
      <if test="receiveAddress != null" >
        RECEIVE_ADDRESS,
      </if>
      <if test="requireTime != null" >
        REQUIRE_TIME,
      </if>
      <if test="expectDeliveryTime != null" >
        EXPECT_DELIVERY_TIME,
      </if>
      <if test="sourceOrderNo != null" >
        SOURCE_ORDER_NO,
      </if>
      <if test="dmsItemCode != null" >
        DMS_ITEM_CODE,
      </if>
      <if test="dmsItemName != null" >
        DMS_ITEM_NAME,
      </if>
      <if test="dmsItemPrice != null" >
        DMS_ITEM_PRICE,
      </if>
      <if test="number != null" >
        NUMBER,
      </if>
      <if test="amount != null" >
        AMOUNT,
      </if>
      <if test="state != null" >
        STATE,
      </if>
      <if test="bizOrderId != null" >
        BIZ_ORDER_ID,
      </if>
      <if test="bizOrderNo != null" >
        BIZ_ORDER_NO,
      </if>
      <if test="bizOrderType != null" >
        BIZ_ORDER_TYPE,
      </if>
      <if test="remark != null" >
        REMARK,
      </if>
      <if test="createTime != null" >
        CREATE_TIME,
      </if>
      <if test="distributeTime != null" >
        DISTRIBUTE_TIME,
      </if>
      <if test="finishTime != null" >
        FINISH_TIME,
      </if>
      <if test="cancelTime != null" >
        CANCEL_TIME,
      </if>
      <if test="version != null" >
        VERSION,
      </if>
      <if test="dmsItemSpec != null" >
        DMS_ITEM_SPEC,
      </if>
      <if test="dmsItemUnit != null" >
        DMS_ITEM_UNIT,
      </if>
    </trim>
    <trim prefix="values (" suffix=")" suffixOverrides="," >
      #{id,jdbcType=BIGINT},
      <if test="provinceOrgCode != null" >
        #{provinceOrgCode,jdbcType=VARCHAR},
      </if>
      <if test="cityOrgCode != null" >
        #{cityOrgCode,jdbcType=VARCHAR},
      </if>
      <if test="regionOrgCode != null" >
        #{regionOrgCode,jdbcType=VARCHAR},
      </if>
      <if test="orgLevel != null" >
        #{orgLevel,jdbcType=VARCHAR},
      </if>
      <if test="orgName != null" >
        #{orgName,jdbcType=VARCHAR},
      </if>
      <if test="orderOrgCode != null" >
        #{orderOrgCode,jdbcType=VARCHAR},
      </if>
      <if test="orderOrgName != null" >
        #{orderOrgName,jdbcType=VARCHAR},
      </if>
      <if test="receiveAddress != null" >
        #{receiveAddress,jdbcType=VARCHAR},
      </if>
      <if test="requireTime != null" >
        #{requireTime,jdbcType=TIMESTAMP},
      </if>
      <if test="expectDeliveryTime != null" >
        #{expectDeliveryTime,jdbcType=TIMESTAMP},
      </if>
      <if test="sourceOrderNo != null" >
        #{sourceOrderNo,jdbcType=VARCHAR},
      </if>
      <if test="dmsItemCode != null" >
        #{dmsItemCode,jdbcType=VARCHAR},
      </if>
      <if test="dmsItemName != null" >
        #{dmsItemName,jdbcType=VARCHAR},
      </if>
      <if test="dmsItemPrice != null" >
        #{dmsItemPrice,jdbcType=DECIMAL},
      </if>
      <if test="number != null" >
        #{number,jdbcType=INTEGER},
      </if>
      <if test="amount != null" >
        #{amount,jdbcType=DECIMAL},
      </if>
      <if test="state != null" >
        #{state,jdbcType=INTEGER},
      </if>
      <if test="bizOrderId != null" >
        #{bizOrderId,jdbcType=BIGINT},
      </if>
      <if test="bizOrderNo != null" >
        #{bizOrderNo,jdbcType=VARCHAR},
      </if>
      <if test="bizOrderType != null" >
        #{bizOrderType,jdbcType=INTEGER},
      </if>
      <if test="remark != null" >
        #{remark,jdbcType=VARCHAR},
      </if>
      <if test="createTime != null" >
        #{createTime,jdbcType=TIMESTAMP},
      </if>
      <if test="distributeTime != null" >
        #{distributeTime,jdbcType=TIMESTAMP},
      </if>
      <if test="finishTime != null" >
        #{finishTime,jdbcType=TIMESTAMP},
      </if>
      <if test="cancelTime != null" >
        #{cancelTime,jdbcType=TIMESTAMP},
      </if>
      <if test="version != null" >
        #{version,jdbcType=INTEGER},
      </if>
      <if test="dmsItemSpec != null" >
        #{dmsItemSpec,jdbcType=VARCHAR},
      </if>
      <if test="dmsItemUnit != null" >
        #{dmsItemUnit,jdbcType=VARCHAR},
      </if>
    </trim>
  </insert>
  <update id="updateByPrimaryKeySelective" parameterType="com.ule.wholesale.fxpurchase.server.vo.FXRequireGoodsList" >
    update fx_require_goods_list
    <set >
      <if test="provinceOrgCode != null" >
        PROVINCE_ORG_CODE = #{provinceOrgCode,jdbcType=VARCHAR},
      </if>
      <if test="cityOrgCode != null" >
        CITY_ORG_CODE = #{cityOrgCode,jdbcType=VARCHAR},
      </if>
      <if test="regionOrgCode != null" >
        REGION_ORG_CODE = #{regionOrgCode,jdbcType=VARCHAR},
      </if>
      <if test="orgLevel != null" >
        ORG_LEVEL = #{orgLevel,jdbcType=VARCHAR},
      </if>
      <if test="orgName != null" >
        ORG_NAME = #{orgName,jdbcType=VARCHAR},
      </if>
      <if test="orderOrgCode != null" >
        ORDER_ORG_CODE = #{orderOrgCode,jdbcType=VARCHAR},
      </if>
      <if test="orderOrgName != null" >
        ORDER_ORG_NAME = #{orderOrgName,jdbcType=VARCHAR},
      </if>
      <if test="receiveAddress != null" >
        RECEIVE_ADDRESS = #{receiveAddress,jdbcType=VARCHAR},
      </if>
      <if test="requireTime != null" >
        REQUIRE_TIME = #{requireTime,jdbcType=TIMESTAMP},
      </if>
      <if test="expectDeliveryTime != null" >
        EXPECT_DELIVERY_TIME = #{expectDeliveryTime,jdbcType=TIMESTAMP},
      </if>
      <if test="sourceOrderNo != null" >
        SOURCE_ORDER_NO = #{sourceOrderNo,jdbcType=VARCHAR},
      </if>
      <if test="dmsItemCode != null" >
        DMS_ITEM_CODE = #{dmsItemCode,jdbcType=VARCHAR},
      </if>
      <if test="dmsItemName != null" >
        DMS_ITEM_NAME = #{dmsItemName,jdbcType=VARCHAR},
      </if>
      <if test="dmsItemPrice != null" >
        DMS_ITEM_PRICE = #{dmsItemPrice,jdbcType=DECIMAL},
      </if>
      <if test="number != null" >
        NUMBER = #{number,jdbcType=INTEGER},
      </if>
      <if test="amount != null" >
        AMOUNT = #{amount,jdbcType=DECIMAL},
      </if>
      <if test="state != null" >
        STATE = #{state,jdbcType=INTEGER},
      </if>
      <if test="bizOrderId != null" >
        BIZ_ORDER_ID = #{bizOrderId,jdbcType=BIGINT},
      </if>
      <if test="bizOrderNo != null" >
        BIZ_ORDER_NO = #{bizOrderNo,jdbcType=VARCHAR},
      </if>
      <if test="bizOrderType != null" >
        BIZ_ORDER_TYPE = #{bizOrderType,jdbcType=INTEGER},
      </if>
      <if test="remark != null" >
        REMARK = #{remark,jdbcType=VARCHAR},
      </if>
      <if test="createTime != null" >
        CREATE_TIME = #{createTime,jdbcType=TIMESTAMP},
      </if>
      <if test="distributeTime != null" >
        DISTRIBUTE_TIME = #{distributeTime,jdbcType=TIMESTAMP},
      </if>
      <if test="finishTime != null" >
        FINISH_TIME = #{finishTime,jdbcType=TIMESTAMP},
      </if>
      <if test="cancelTime != null" >
        CANCEL_TIME = #{cancelTime,jdbcType=TIMESTAMP},
      </if>
      <if test="version != null" >
        VERSION = #{version,jdbcType=INTEGER},
      </if>
      <if test="dmsItemSpec != null" >
        DMS_ITEM_SPEC = #{dmsItemSpec,jdbcType=VARCHAR},
      </if>
      <if test="dmsItemUnit != null" >
        DMS_ITEM_UNIT = #{dmsItemUnit,jdbcType=VARCHAR},
      </if>
    </set>
    where ID = #{id,jdbcType=BIGINT}
  </update>
  <update id="updateByPrimaryKey" parameterType="com.ule.wholesale.fxpurchase.server.vo.FXRequireGoodsList" >
    update fx_require_goods_list
    set PROVINCE_ORG_CODE = #{provinceOrgCode,jdbcType=VARCHAR},
      CITY_ORG_CODE = #{cityOrgCode,jdbcType=VARCHAR},
      REGION_ORG_CODE = #{regionOrgCode,jdbcType=VARCHAR},
      ORG_LEVEL = #{orgLevel,jdbcType=VARCHAR},
      ORG_NAME = #{orgName,jdbcType=VARCHAR},
      ORDER_ORG_CODE = #{orderOrgCode,jdbcType=VARCHAR},
      ORDER_ORG_NAME = #{orderOrgName,jdbcType=VARCHAR},
      RECEIVE_ADDRESS = #{receiveAddress,jdbcType=VARCHAR},
      REQUIRE_TIME = #{requireTime,jdbcType=TIMESTAMP},
      EXPECT_DELIVERY_TIME = #{expectDeliveryTime,jdbcType=TIMESTAMP},
      SOURCE_ORDER_NO = #{sourceOrderNo,jdbcType=VARCHAR},
      DMS_ITEM_CODE = #{dmsItemCode,jdbcType=VARCHAR},
      DMS_ITEM_NAME = #{dmsItemName,jdbcType=VARCHAR},
      DMS_ITEM_PRICE = #{dmsItemPrice,jdbcType=DECIMAL},
      NUMBER = #{number,jdbcType=INTEGER},
      AMOUNT = #{amount,jdbcType=DECIMAL},
      STATE = #{state,jdbcType=INTEGER},
      BIZ_ORDER_ID = #{bizOrderId,jdbcType=BIGINT},
      BIZ_ORDER_NO = #{bizOrderNo,jdbcType=VARCHAR},
      BIZ_ORDER_TYPE = #{bizOrderType,jdbcType=INTEGER},
      REMARK = #{remark,jdbcType=VARCHAR},
      CREATE_TIME = #{createTime,jdbcType=TIMESTAMP},
      DISTRIBUTE_TIME = #{distributeTime,jdbcType=TIMESTAMP},
      FINISH_TIME = #{finishTime,jdbcType=TIMESTAMP},
      CANCEL_TIME = #{cancelTime,jdbcType=TIMESTAMP},
      VERSION = #{version,jdbcType=INTEGER},
      DMS_ITEM_SPEC = #{dmsItemSpec,jdbcType=VARCHAR},
      DMS_ITEM_UNIT = #{dmsItemUnit,jdbcType=VARCHAR}
    where ID = #{id,jdbcType=BIGINT}
  </update>
</mapper>