<?xml version="1.0" encoding="UTF-8"?>
<!DOCTYPE mapper PUBLIC "-//mybatis.org//DTD Mapper 3.0//EN" "http://mybatis.org/dtd/mybatis-3-mapper.dtd">
<mapper namespace="com.ule.wholesale.fxpurchase.server.mapper.FXReturnOrderGoodsMapper">
  <resultMap id="BaseResultMap" type="com.ule.wholesale.fxpurchase.server.vo.FXReturnOrderGoods">
    <!--
      WARNING - @mbggenerated
      This element is automatically generated by MyBatis Generator, do not modify.
    -->
    <id column="ID" jdbcType="BIGINT" property="id" />
    <result column="ORDER_ID" jdbcType="INTEGER" property="orderId" />
    <result column="ORDER_NO" jdbcType="VARCHAR" property="orderNo" />
    <result column="ITEM_ID" jdbcType="BIGINT" property="itemId" />
    <result column="SKU" jdbcType="VARCHAR" property="sku" />
    <result column="ITEM_NAME" jdbcType="VARCHAR" property="itemName" />
    <result column="UNIT" jdbcType="VARCHAR" property="unit" />
    <result column="BOX_NUM" jdbcType="INTEGER" property="boxNum" />
    <result column="UNIT_PRICE" jdbcType="DECIMAL" property="unitPrice" />
    <result column="TAX_RATE" jdbcType="DECIMAL" property="taxRate" />
    <result column="PLAN_NUM" jdbcType="INTEGER" property="planNum" />
    <result column="PLAN_AMT" jdbcType="DECIMAL" property="planAmt" />
    <result column="RECEIPT_NUM" jdbcType="INTEGER" property="receiptNum" />
    <result column="RECEIPT_AMT" jdbcType="DECIMAL" property="receiptAmt" />
  </resultMap>
  <sql id="Base_Column_List">
    <!--
      WARNING - @mbggenerated
      This element is automatically generated by MyBatis Generator, do not modify.
    -->
    ID, ORDER_ID, ORDER_NO, ITEM_ID, SKU, ITEM_NAME, UNIT, BOX_NUM, UNIT_PRICE, TAX_RATE, 
    PLAN_NUM, PLAN_AMT, RECEIPT_NUM, RECEIPT_AMT
  </sql>
  <select id="selectByPrimaryKey" parameterType="java.lang.Long" resultMap="BaseResultMap">
    <!--
      WARNING - @mbggenerated
      This element is automatically generated by MyBatis Generator, do not modify.
    -->
    select 
    <include refid="Base_Column_List" />
    from fx_return_order_goods
    where ID = #{id,jdbcType=BIGINT}
  </select>
  <select id="selectByOrderId" parameterType="java.lang.Long" resultMap="BaseResultMap">
    select 
    <include refid="Base_Column_List" />
    from fx_return_order_goods
    where ORDER_ID = #{orderId,jdbcType=BIGINT}
  </select>
  <delete id="deleteByPrimaryKey" parameterType="java.lang.Long">
    <!--
      WARNING - @mbggenerated
      This element is automatically generated by MyBatis Generator, do not modify.
    -->
    delete from fx_return_order_goods
    where ID = #{id,jdbcType=BIGINT}
  </delete>
  <delete id="deleteByOrderId" parameterType="java.lang.Long">
    delete from fx_return_order_goods
    where ORDER_ID = #{orderId,jdbcType=BIGINT}
  </delete>
  <insert id="insert" parameterType="com.ule.wholesale.fxpurchase.server.vo.FXReturnOrderGoods">
    <!--
      WARNING - @mbggenerated
      This element is automatically generated by MyBatis Generator, do not modify.
    -->
    <selectKey keyProperty="id" order="AFTER" resultType="java.lang.Long">
      SELECT LAST_INSERT_ID()
    </selectKey>
    insert into fx_return_order_goods (ORDER_ID, ORDER_NO, ITEM_ID, 
      SKU, ITEM_NAME, UNIT, 
      BOX_NUM, UNIT_PRICE, TAX_RATE, 
      PLAN_NUM, PLAN_AMT, RECEIPT_NUM, 
      RECEIPT_AMT)
    values (#{orderId,jdbcType=INTEGER}, #{orderNo,jdbcType=VARCHAR}, #{itemId,jdbcType=BIGINT}, 
      #{sku,jdbcType=VARCHAR}, #{itemName,jdbcType=VARCHAR}, #{unit,jdbcType=VARCHAR}, 
      #{boxNum,jdbcType=INTEGER}, #{unitPrice,jdbcType=DECIMAL}, #{taxRate,jdbcType=DECIMAL}, 
      #{planNum,jdbcType=INTEGER}, #{planAmt,jdbcType=DECIMAL}, #{receiptNum,jdbcType=INTEGER}, 
      #{receiptAmt,jdbcType=DECIMAL})
  </insert>
  <insert id="insertSelective" parameterType="com.ule.wholesale.fxpurchase.server.vo.FXReturnOrderGoods">
    <!--
      WARNING - @mbggenerated
      This element is automatically generated by MyBatis Generator, do not modify.
    -->
    <selectKey keyProperty="id" order="AFTER" resultType="java.lang.Long">
      SELECT LAST_INSERT_ID()
    </selectKey>
    insert into fx_return_order_goods
    <trim prefix="(" suffix=")" suffixOverrides=",">
      <if test="orderId != null">
        ORDER_ID,
      </if>
      <if test="orderNo != null">
        ORDER_NO,
      </if>
      <if test="itemId != null">
        ITEM_ID,
      </if>
      <if test="sku != null">
        SKU,
      </if>
      <if test="itemName != null">
        ITEM_NAME,
      </if>
      <if test="unit != null">
        UNIT,
      </if>
      <if test="boxNum != null">
        BOX_NUM,
      </if>
      <if test="unitPrice != null">
        UNIT_PRICE,
      </if>
      <if test="taxRate != null">
        TAX_RATE,
      </if>
      <if test="planNum != null">
        PLAN_NUM,
      </if>
      <if test="planAmt != null">
        PLAN_AMT,
      </if>
      <if test="receiptNum != null">
        RECEIPT_NUM,
      </if>
      <if test="receiptAmt != null">
        RECEIPT_AMT,
      </if>
    </trim>
    <trim prefix="values (" suffix=")" suffixOverrides=",">
      <if test="orderId != null">
        #{orderId,jdbcType=INTEGER},
      </if>
      <if test="orderNo != null">
        #{orderNo,jdbcType=VARCHAR},
      </if>
      <if test="itemId != null">
        #{itemId,jdbcType=BIGINT},
      </if>
      <if test="sku != null">
        #{sku,jdbcType=VARCHAR},
      </if>
      <if test="itemName != null">
        #{itemName,jdbcType=VARCHAR},
      </if>
      <if test="unit != null">
        #{unit,jdbcType=VARCHAR},
      </if>
      <if test="boxNum != null">
        #{boxNum,jdbcType=INTEGER},
      </if>
      <if test="unitPrice != null">
        #{unitPrice,jdbcType=DECIMAL},
      </if>
      <if test="taxRate != null">
        #{taxRate,jdbcType=DECIMAL},
      </if>
      <if test="planNum != null">
        #{planNum,jdbcType=INTEGER},
      </if>
      <if test="planAmt != null">
        #{planAmt,jdbcType=DECIMAL},
      </if>
      <if test="receiptNum != null">
        #{receiptNum,jdbcType=INTEGER},
      </if>
      <if test="receiptAmt != null">
        #{receiptAmt,jdbcType=DECIMAL},
      </if>
    </trim>
  </insert>
  <update id="updateByPrimaryKeySelective" parameterType="com.ule.wholesale.fxpurchase.server.vo.FXReturnOrderGoods">
    <!--
      WARNING - @mbggenerated
      This element is automatically generated by MyBatis Generator, do not modify.
    -->
    update fx_return_order_goods
    <set>
      <if test="orderId != null">
        ORDER_ID = #{orderId,jdbcType=INTEGER},
      </if>
      <if test="orderNo != null">
        ORDER_NO = #{orderNo,jdbcType=VARCHAR},
      </if>
      <if test="itemId != null">
        ITEM_ID = #{itemId,jdbcType=BIGINT},
      </if>
      <if test="sku != null">
        SKU = #{sku,jdbcType=VARCHAR},
      </if>
      <if test="itemName != null">
        ITEM_NAME = #{itemName,jdbcType=VARCHAR},
      </if>
      <if test="unit != null">
        UNIT = #{unit,jdbcType=VARCHAR},
      </if>
      <if test="boxNum != null">
        BOX_NUM = #{boxNum,jdbcType=INTEGER},
      </if>
      <if test="unitPrice != null">
        UNIT_PRICE = #{unitPrice,jdbcType=DECIMAL},
      </if>
      <if test="taxRate != null">
        TAX_RATE = #{taxRate,jdbcType=DECIMAL},
      </if>
      <if test="planNum != null">
        PLAN_NUM = #{planNum,jdbcType=INTEGER},
      </if>
      <if test="planAmt != null">
        PLAN_AMT = #{planAmt,jdbcType=DECIMAL},
      </if>
      <if test="receiptNum != null">
        RECEIPT_NUM = #{receiptNum,jdbcType=INTEGER},
      </if>
      <if test="receiptAmt != null">
        RECEIPT_AMT = #{receiptAmt,jdbcType=DECIMAL},
      </if>
    </set>
    where ID = #{id,jdbcType=BIGINT}
  </update>
  <update id="updateByPrimaryKey" parameterType="com.ule.wholesale.fxpurchase.server.vo.FXReturnOrderGoods">
    <!--
      WARNING - @mbggenerated
      This element is automatically generated by MyBatis Generator, do not modify.
    -->
    update fx_return_order_goods
    set ORDER_ID = #{orderId,jdbcType=INTEGER},
      ORDER_NO = #{orderNo,jdbcType=VARCHAR},
      ITEM_ID = #{itemId,jdbcType=BIGINT},
      SKU = #{sku,jdbcType=VARCHAR},
      ITEM_NAME = #{itemName,jdbcType=VARCHAR},
      UNIT = #{unit,jdbcType=VARCHAR},
      BOX_NUM = #{boxNum,jdbcType=INTEGER},
      UNIT_PRICE = #{unitPrice,jdbcType=DECIMAL},
      TAX_RATE = #{taxRate,jdbcType=DECIMAL},
      PLAN_NUM = #{planNum,jdbcType=INTEGER},
      PLAN_AMT = #{planAmt,jdbcType=DECIMAL},
      RECEIPT_NUM = #{receiptNum,jdbcType=INTEGER},
      RECEIPT_AMT = #{receiptAmt,jdbcType=DECIMAL}
    where ID = #{id,jdbcType=BIGINT}
  </update>
  <update id="updateOrderNo" parameterType="java.util.Map">
    update fx_return_order_goods
    set ORDER_NO = #{orderNo,jdbcType=VARCHAR} 
    where ORDER_ID = #{orderId,jdbcType=BIGINT}
  </update>
</mapper>