<?xml version="1.0" encoding="UTF-8"?>
<!DOCTYPE mapper PUBLIC "-//mybatis.org//DTD Mapper 3.0//EN" "http://mybatis.org/dtd/mybatis-3-mapper.dtd">
<mapper namespace="com.ule.wholesale.fxpurchase.server.mapper.FXSupplierInfoMapper">
  <resultMap id="BaseResultMap" type="com.ule.wholesale.fxpurchase.server.vo.FXSupplierInfo">
    <!--
      WARNING - @mbggenerated
      This element is automatically generated by MyBatis Generator, do not modify.
    -->
    <id column="ID" jdbcType="BIGINT" property="id" />
    <result column="SUPPLIER_NAME" jdbcType="VARCHAR" property="supplierName" />
    <result column="COMP_NAME" jdbcType="VARCHAR" property="compName" />
    <result column="TAXPAYER_TYPE" jdbcType="DECIMAL" property="taxpayerType" />
    <result column="COMP_ADDRESS" jdbcType="VARCHAR" property="compAddress" />
    <result column="COMP_POST_CODE" jdbcType="VARCHAR" property="compPostCode" />
    <result column="COMP_TEL" jdbcType="VARCHAR" property="compTel" />
    <result column="COMP_FAX" jdbcType="VARCHAR" property="compFax" />
    <result column="SIGN_PROVINCE_CODE" jdbcType="VARCHAR" property="signProvinceCode" />
    <result column="SIGN_PROVINCE_NAME" jdbcType="VARCHAR" property="signProvinceName" />
    <result column="SIGN_CITY_CODE" jdbcType="VARCHAR" property="signCityCode" />
    <result column="SIGN_CITY_NAME" jdbcType="VARCHAR" property="signCityName" />
    <result column="SIGN_REGION_CODE" jdbcType="VARCHAR" property="signRegionCode" />
    <result column="SIGN_REGION_NAME" jdbcType="VARCHAR" property="signRegionName" />
    <result column="PROVINCE_ORG_CODE" jdbcType="VARCHAR" property="provinceOrgCode" />
    <result column="ORG_NAME" jdbcType="VARCHAR" property="orgName" />
    <result column="CITY_ORG_CODE" jdbcType="VARCHAR" property="cityOrgCode" />
    <result column="REGION_ORG_CODE" jdbcType="VARCHAR" property="regionOrgCode" />
    <result column="ORG_LEVEL" jdbcType="VARCHAR" property="orgLevel" />
    <result column="REMARK" jdbcType="VARCHAR" property="remark" />
    <result column="SUPPLIER_TYPE" jdbcType="INTEGER" property="supplierType" />
    <result column="MERCHANT_ID" jdbcType="BIGINT" property="merchantId" />
    <result column="MERCHANT_NAME" jdbcType="VARCHAR" property="merchantName" />
    <result column="STATUS" jdbcType="INTEGER" property="status" />
    <result column="DELETE_FLAG" jdbcType="INTEGER" property="deleteFlag" />
    <result column="REASON" jdbcType="VARCHAR" property="reason" />
    <result column="CONTACT_NAME" jdbcType="VARCHAR" property="contactName" />
    <result column="CONTACT_TEL" jdbcType="VARCHAR" property="contactTel" />
    <result column="CONTACT_EMAIL" jdbcType="VARCHAR" property="contactEmail" />
    <result column="CONTACT_QQ" jdbcType="VARCHAR" property="contactQq" />
    <result column="BRAND_NAME" jdbcType="VARCHAR" property="brandName" />
    <result column="BUSI_LICENSE_CODE" jdbcType="VARCHAR" property="busiLicenseCode" />
    <result column="BUSI_LICENSE_REGIST_MONEY" jdbcType="DECIMAL" property="busiLicenseRegistMoney" />
    <result column="BUSI_LICENCE_PROVINCE_ID" jdbcType="DECIMAL" property="busiLicenceProvinceId" />
    <result column="BUSI_LICENCE_PROVINCE_NAME" jdbcType="VARCHAR" property="busiLicenceProvinceName" />
    <result column="BUSI_LICENCE_CITY_ID" jdbcType="DECIMAL" property="busiLicenceCityId" />
    <result column="BUSI_LICENSE_CITY_NAME" jdbcType="VARCHAR" property="busiLicenseCityName" />
    <result column="BUSI_LICENSE_AVAILABLE_BEGIN" jdbcType="DATE" property="busiLicenseAvailableBegin" />
    <result column="BUSI_LICENSE_AVAILABLE_END" jdbcType="DATE" property="busiLicenseAvailableEnd" />
    <result column="BUSI_LICENSE_PIC" jdbcType="VARCHAR" property="busiLicensePic" />
    <result column="ORG_LICENCE_CODE" jdbcType="VARCHAR" property="orgLicenceCode" />
    <result column="ORG_LICENCE_PIC" jdbcType="VARCHAR" property="orgLicencePic" />
    <result column="TAX_LICENCE_CODE" jdbcType="VARCHAR" property="taxLicenceCode" />
    <result column="TAX_LICENCE_PIC" jdbcType="VARCHAR" property="taxLicencePic" />
    <result column="BANK_LICENCE_PARENT_CODE" jdbcType="VARCHAR" property="bankLicenceParentCode" />
    <result column="BANK_LICENCE_PARENT_NAME" jdbcType="VARCHAR" property="bankLicenceParentName" />
    <result column="BANK_LICENCE_NAME" jdbcType="VARCHAR" property="bankLicenceName" />
    <result column="BANK_LICENCE_CODE" jdbcType="VARCHAR" property="bankLicenceCode" />
    <result column="BANK_LICENCE_BRANCH_NAME" jdbcType="VARCHAR" property="bankLicenceBranchName" />
    <result column="BANK_LICENCE_BRANCH_CODE" jdbcType="VARCHAR" property="bankLicenceBranchCode" />
    <result column="BANK_LICENCE_PROVINCE_ID" jdbcType="DECIMAL" property="bankLicenceProvinceId" />
    <result column="BANK_LICENCE_PROVINCE_NAME" jdbcType="VARCHAR" property="bankLicenceProvinceName" />
    <result column="BANK_LICENCE_CITY_ID" jdbcType="DECIMAL" property="bankLicenceCityId" />
    <result column="BANK_LICENCE_CITY_NAME" jdbcType="VARCHAR" property="bankLicenceCityName" />
    <result column="BANK_LICENCE_PIC" jdbcType="VARCHAR" property="bankLicencePic" />
    <result column="LEGALMAN_LICENCE_NAME" jdbcType="VARCHAR" property="legalmanLicenceName" />
    <result column="LEGALMAN_LICENCE_CODE" jdbcType="VARCHAR" property="legalmanLicenceCode" />
    <result column="LEGALMAN_LICENCE_PIC" jdbcType="VARCHAR" property="legalmanLicencePic" />
    <result column="LEGALMAN_LICENCE_BACKPIC" jdbcType="VARCHAR" property="legalmanLicenceBackpic" />
    <result column="CREATE_USER_ID" jdbcType="BIGINT" property="createUserId" />
    <result column="CREATE_USER" jdbcType="VARCHAR" property="createUser" />
    <result column="CREATE_TIME" jdbcType="TIMESTAMP" property="createTime" />
    <result column="AUDIT_USER_ID" jdbcType="BIGINT" property="auditUserId" />
    <result column="AUDIT_USER" jdbcType="VARCHAR" property="auditUser" />
    <result column="AUDIT_TIME" jdbcType="TIMESTAMP" property="auditTime" />
    <result column="UPDATE_USER_ID" jdbcType="BIGINT" property="updateUserId" />
    <result column="UPDATE_USER" jdbcType="VARCHAR" property="updateUser" />
    <result column="UPDATE_TIME" jdbcType="TIMESTAMP" property="updateTime" />
    <result column="VERSION" jdbcType="INTEGER" property="version" />
  </resultMap>
  <sql id="Base_Column_List">
    <!--
      WARNING - @mbggenerated
      This element is automatically generated by MyBatis Generator, do not modify.
    -->
    ID, SUPPLIER_NAME, COMP_NAME, TAXPAYER_TYPE, COMP_ADDRESS, COMP_POST_CODE, COMP_TEL, 
    COMP_FAX, SIGN_PROVINCE_CODE, SIGN_PROVINCE_NAME, SIGN_CITY_CODE, SIGN_CITY_NAME, 
    SIGN_REGION_CODE, SIGN_REGION_NAME, PROVINCE_ORG_CODE, ORG_NAME, CITY_ORG_CODE, REGION_ORG_CODE, 
    ORG_LEVEL, REMARK, SUPPLIER_TYPE, MERCHANT_ID, MERCHANT_NAME, STATUS, DELETE_FLAG, 
    REASON, CONTACT_NAME, CONTACT_TEL, CONTACT_EMAIL, CONTACT_QQ, BRAND_NAME, BUSI_LICENSE_CODE, 
    BUSI_LICENSE_REGIST_MONEY, BUSI_LICENCE_PROVINCE_ID, BUSI_LICENCE_PROVINCE_NAME, 
    BUSI_LICENCE_CITY_ID, BUSI_LICENSE_CITY_NAME, BUSI_LICENSE_AVAILABLE_BEGIN, BUSI_LICENSE_AVAILABLE_END, 
    BUSI_LICENSE_PIC, ORG_LICENCE_CODE, ORG_LICENCE_PIC, TAX_LICENCE_CODE, TAX_LICENCE_PIC, 
    BANK_LICENCE_PARENT_CODE, BANK_LICENCE_PARENT_NAME, BANK_LICENCE_NAME, BANK_LICENCE_CODE, 
    BANK_LICENCE_BRANCH_NAME, BANK_LICENCE_BRANCH_CODE, BANK_LICENCE_PROVINCE_ID, BANK_LICENCE_PROVINCE_NAME, 
    BANK_LICENCE_CITY_ID, BANK_LICENCE_CITY_NAME, BANK_LICENCE_PIC, LEGALMAN_LICENCE_NAME, 
    LEGALMAN_LICENCE_CODE, LEGALMAN_LICENCE_PIC, LEGALMAN_LICENCE_BACKPIC, CREATE_USER_ID, 
    CREATE_USER, CREATE_TIME, AUDIT_USER_ID, AUDIT_USER, AUDIT_TIME, UPDATE_USER_ID, 
    UPDATE_USER, UPDATE_TIME, VERSION
  </sql>
  <select id="selectByPrimaryKey" parameterType="java.lang.Long" resultMap="BaseResultMap">
    <!--
      WARNING - @mbggenerated
      This element is automatically generated by MyBatis Generator, do not modify.
    -->
    select 
    <include refid="Base_Column_List" />
    from fx_supplier_info
    where ID = #{id,jdbcType=BIGINT}
  </select>
  <delete id="deleteByPrimaryKey" parameterType="java.lang.Long">
    <!--
      WARNING - @mbggenerated
      This element is automatically generated by MyBatis Generator, do not modify.
    -->
    delete from fx_supplier_info
    where ID = #{id,jdbcType=BIGINT}
  </delete>
  <insert id="insert" parameterType="com.ule.wholesale.fxpurchase.server.vo.FXSupplierInfo">
    <!--
      WARNING - @mbggenerated
      This element is automatically generated by MyBatis Generator, do not modify.
    -->
    <selectKey keyProperty="id" order="AFTER" resultType="java.lang.Long">
      SELECT LAST_INSERT_ID()
    </selectKey>
    insert into fx_supplier_info (SUPPLIER_NAME, COMP_NAME, TAXPAYER_TYPE, 
      COMP_ADDRESS, COMP_POST_CODE, COMP_TEL, 
      COMP_FAX, SIGN_PROVINCE_CODE, SIGN_PROVINCE_NAME, 
      SIGN_CITY_CODE, SIGN_CITY_NAME, SIGN_REGION_CODE, 
      SIGN_REGION_NAME, PROVINCE_ORG_CODE, ORG_NAME, 
      CITY_ORG_CODE, REGION_ORG_CODE, ORG_LEVEL, 
      REMARK, SUPPLIER_TYPE, MERCHANT_ID, 
      MERCHANT_NAME, STATUS, DELETE_FLAG, 
      REASON, CONTACT_NAME, CONTACT_TEL, 
      CONTACT_EMAIL, CONTACT_QQ, BRAND_NAME, 
      BUSI_LICENSE_CODE, BUSI_LICENSE_REGIST_MONEY, 
      BUSI_LICENCE_PROVINCE_ID, BUSI_LICENCE_PROVINCE_NAME, 
      BUSI_LICENCE_CITY_ID, BUSI_LICENSE_CITY_NAME, 
      BUSI_LICENSE_AVAILABLE_BEGIN, BUSI_LICENSE_AVAILABLE_END, 
      BUSI_LICENSE_PIC, ORG_LICENCE_CODE, ORG_LICENCE_PIC, 
      TAX_LICENCE_CODE, TAX_LICENCE_PIC, BANK_LICENCE_PARENT_CODE, 
      BANK_LICENCE_PARENT_NAME, BANK_LICENCE_NAME, 
      BANK_LICENCE_CODE, BANK_LICENCE_BRANCH_NAME, 
      BANK_LICENCE_BRANCH_CODE, BANK_LICENCE_PROVINCE_ID, 
      BANK_LICENCE_PROVINCE_NAME, BANK_LICENCE_CITY_ID, 
      BANK_LICENCE_CITY_NAME, BANK_LICENCE_PIC, LEGALMAN_LICENCE_NAME, 
      LEGALMAN_LICENCE_CODE, LEGALMAN_LICENCE_PIC, 
      LEGALMAN_LICENCE_BACKPIC, CREATE_USER_ID, CREATE_USER, 
      CREATE_TIME, AUDIT_USER_ID, AUDIT_USER, 
      AUDIT_TIME, UPDATE_USER_ID, UPDATE_USER, 
      UPDATE_TIME, VERSION)
    values (#{supplierName,jdbcType=VARCHAR}, #{compName,jdbcType=VARCHAR}, #{taxpayerType,jdbcType=DECIMAL}, 
      #{compAddress,jdbcType=VARCHAR}, #{compPostCode,jdbcType=VARCHAR}, #{compTel,jdbcType=VARCHAR}, 
      #{compFax,jdbcType=VARCHAR}, #{signProvinceCode,jdbcType=VARCHAR}, #{signProvinceName,jdbcType=VARCHAR}, 
      #{signCityCode,jdbcType=VARCHAR}, #{signCityName,jdbcType=VARCHAR}, #{signRegionCode,jdbcType=VARCHAR}, 
      #{signRegionName,jdbcType=VARCHAR}, #{provinceOrgCode,jdbcType=VARCHAR}, #{orgName,jdbcType=VARCHAR}, 
      #{cityOrgCode,jdbcType=VARCHAR}, #{regionOrgCode,jdbcType=VARCHAR}, #{orgLevel,jdbcType=VARCHAR}, 
      #{remark,jdbcType=VARCHAR}, #{supplierType,jdbcType=INTEGER}, #{merchantId,jdbcType=BIGINT}, 
      #{merchantName,jdbcType=VARCHAR}, #{status,jdbcType=INTEGER}, #{deleteFlag,jdbcType=INTEGER}, 
      #{reason,jdbcType=VARCHAR}, #{contactName,jdbcType=VARCHAR}, #{contactTel,jdbcType=VARCHAR}, 
      #{contactEmail,jdbcType=VARCHAR}, #{contactQq,jdbcType=VARCHAR}, #{brandName,jdbcType=VARCHAR}, 
      #{busiLicenseCode,jdbcType=VARCHAR}, #{busiLicenseRegistMoney,jdbcType=DECIMAL}, 
      #{busiLicenceProvinceId,jdbcType=DECIMAL}, #{busiLicenceProvinceName,jdbcType=VARCHAR}, 
      #{busiLicenceCityId,jdbcType=DECIMAL}, #{busiLicenseCityName,jdbcType=VARCHAR}, 
      #{busiLicenseAvailableBegin,jdbcType=DATE}, #{busiLicenseAvailableEnd,jdbcType=DATE}, 
      #{busiLicensePic,jdbcType=VARCHAR}, #{orgLicenceCode,jdbcType=VARCHAR}, #{orgLicencePic,jdbcType=VARCHAR}, 
      #{taxLicenceCode,jdbcType=VARCHAR}, #{taxLicencePic,jdbcType=VARCHAR}, #{bankLicenceParentCode,jdbcType=VARCHAR}, 
      #{bankLicenceParentName,jdbcType=VARCHAR}, #{bankLicenceName,jdbcType=VARCHAR}, 
      #{bankLicenceCode,jdbcType=VARCHAR}, #{bankLicenceBranchName,jdbcType=VARCHAR}, 
      #{bankLicenceBranchCode,jdbcType=VARCHAR}, #{bankLicenceProvinceId,jdbcType=DECIMAL}, 
      #{bankLicenceProvinceName,jdbcType=VARCHAR}, #{bankLicenceCityId,jdbcType=DECIMAL}, 
      #{bankLicenceCityName,jdbcType=VARCHAR}, #{bankLicencePic,jdbcType=VARCHAR}, #{legalmanLicenceName,jdbcType=VARCHAR}, 
      #{legalmanLicenceCode,jdbcType=VARCHAR}, #{legalmanLicencePic,jdbcType=VARCHAR}, 
      #{legalmanLicenceBackpic,jdbcType=VARCHAR}, #{createUserId,jdbcType=BIGINT}, #{createUser,jdbcType=VARCHAR}, 
      #{createTime,jdbcType=TIMESTAMP}, #{auditUserId,jdbcType=BIGINT}, #{auditUser,jdbcType=VARCHAR}, 
      #{auditTime,jdbcType=TIMESTAMP}, #{updateUserId,jdbcType=BIGINT}, #{updateUser,jdbcType=VARCHAR}, 
      #{updateTime,jdbcType=TIMESTAMP}, #{version,jdbcType=INTEGER})
  </insert>
  <insert id="insertSelective" parameterType="com.ule.wholesale.fxpurchase.server.vo.FXSupplierInfo">
    <!--
      WARNING - @mbggenerated
      This element is automatically generated by MyBatis Generator, do not modify.
    -->
    <selectKey keyProperty="id" order="AFTER" resultType="java.lang.Long">
      SELECT LAST_INSERT_ID()
    </selectKey>
    insert into fx_supplier_info
    <trim prefix="(" suffix=")" suffixOverrides=",">
      <if test="supplierName != null">
        SUPPLIER_NAME,
      </if>
      <if test="compName != null">
        COMP_NAME,
      </if>
      <if test="taxpayerType != null">
        TAXPAYER_TYPE,
      </if>
      <if test="compAddress != null">
        COMP_ADDRESS,
      </if>
      <if test="compPostCode != null">
        COMP_POST_CODE,
      </if>
      <if test="compTel != null">
        COMP_TEL,
      </if>
      <if test="compFax != null">
        COMP_FAX,
      </if>
      <if test="signProvinceCode != null">
        SIGN_PROVINCE_CODE,
      </if>
      <if test="signProvinceName != null">
        SIGN_PROVINCE_NAME,
      </if>
      <if test="signCityCode != null">
        SIGN_CITY_CODE,
      </if>
      <if test="signCityName != null">
        SIGN_CITY_NAME,
      </if>
      <if test="signRegionCode != null">
        SIGN_REGION_CODE,
      </if>
      <if test="signRegionName != null">
        SIGN_REGION_NAME,
      </if>
      <if test="provinceOrgCode != null">
        PROVINCE_ORG_CODE,
      </if>
      <if test="orgName != null">
        ORG_NAME,
      </if>
      <if test="cityOrgCode != null">
        CITY_ORG_CODE,
      </if>
      <if test="regionOrgCode != null">
        REGION_ORG_CODE,
      </if>
      <if test="orgLevel != null">
        ORG_LEVEL,
      </if>
      <if test="remark != null">
        REMARK,
      </if>
      <if test="supplierType != null">
        SUPPLIER_TYPE,
      </if>
      <if test="merchantId != null">
        MERCHANT_ID,
      </if>
      <if test="merchantName != null">
        MERCHANT_NAME,
      </if>
      <if test="status != null">
        STATUS,
      </if>
      <if test="deleteFlag != null">
        DELETE_FLAG,
      </if>
      <if test="reason != null">
        REASON,
      </if>
      <if test="contactName != null">
        CONTACT_NAME,
      </if>
      <if test="contactTel != null">
        CONTACT_TEL,
      </if>
      <if test="contactEmail != null">
        CONTACT_EMAIL,
      </if>
      <if test="contactQq != null">
        CONTACT_QQ,
      </if>
      <if test="brandName != null">
        BRAND_NAME,
      </if>
      <if test="busiLicenseCode != null">
        BUSI_LICENSE_CODE,
      </if>
      <if test="busiLicenseRegistMoney != null">
        BUSI_LICENSE_REGIST_MONEY,
      </if>
      <if test="busiLicenceProvinceId != null">
        BUSI_LICENCE_PROVINCE_ID,
      </if>
      <if test="busiLicenceProvinceName != null">
        BUSI_LICENCE_PROVINCE_NAME,
      </if>
      <if test="busiLicenceCityId != null">
        BUSI_LICENCE_CITY_ID,
      </if>
      <if test="busiLicenseCityName != null">
        BUSI_LICENSE_CITY_NAME,
      </if>
      <if test="busiLicenseAvailableBegin != null">
        BUSI_LICENSE_AVAILABLE_BEGIN,
      </if>
      <if test="busiLicenseAvailableEnd != null">
        BUSI_LICENSE_AVAILABLE_END,
      </if>
      <if test="busiLicensePic != null">
        BUSI_LICENSE_PIC,
      </if>
      <if test="orgLicenceCode != null">
        ORG_LICENCE_CODE,
      </if>
      <if test="orgLicencePic != null">
        ORG_LICENCE_PIC,
      </if>
      <if test="taxLicenceCode != null">
        TAX_LICENCE_CODE,
      </if>
      <if test="taxLicencePic != null">
        TAX_LICENCE_PIC,
      </if>
      <if test="bankLicenceParentCode != null">
        BANK_LICENCE_PARENT_CODE,
      </if>
      <if test="bankLicenceParentName != null">
        BANK_LICENCE_PARENT_NAME,
      </if>
      <if test="bankLicenceName != null">
        BANK_LICENCE_NAME,
      </if>
      <if test="bankLicenceCode != null">
        BANK_LICENCE_CODE,
      </if>
      <if test="bankLicenceBranchName != null">
        BANK_LICENCE_BRANCH_NAME,
      </if>
      <if test="bankLicenceBranchCode != null">
        BANK_LICENCE_BRANCH_CODE,
      </if>
      <if test="bankLicenceProvinceId != null">
        BANK_LICENCE_PROVINCE_ID,
      </if>
      <if test="bankLicenceProvinceName != null">
        BANK_LICENCE_PROVINCE_NAME,
      </if>
      <if test="bankLicenceCityId != null">
        BANK_LICENCE_CITY_ID,
      </if>
      <if test="bankLicenceCityName != null">
        BANK_LICENCE_CITY_NAME,
      </if>
      <if test="bankLicencePic != null">
        BANK_LICENCE_PIC,
      </if>
      <if test="legalmanLicenceName != null">
        LEGALMAN_LICENCE_NAME,
      </if>
      <if test="legalmanLicenceCode != null">
        LEGALMAN_LICENCE_CODE,
      </if>
      <if test="legalmanLicencePic != null">
        LEGALMAN_LICENCE_PIC,
      </if>
      <if test="legalmanLicenceBackpic != null">
        LEGALMAN_LICENCE_BACKPIC,
      </if>
      <if test="createUserId != null">
        CREATE_USER_ID,
      </if>
      <if test="createUser != null">
        CREATE_USER,
      </if>
      <if test="createTime != null">
        CREATE_TIME,
      </if>
      <if test="auditUserId != null">
        AUDIT_USER_ID,
      </if>
      <if test="auditUser != null">
        AUDIT_USER,
      </if>
      <if test="auditTime != null">
        AUDIT_TIME,
      </if>
      <if test="updateUserId != null">
        UPDATE_USER_ID,
      </if>
      <if test="updateUser != null">
        UPDATE_USER,
      </if>
      <if test="updateTime != null">
        UPDATE_TIME,
      </if>
      <if test="version != null">
        VERSION,
      </if>
    </trim>
    <trim prefix="values (" suffix=")" suffixOverrides=",">
      <if test="supplierName != null">
        #{supplierName,jdbcType=VARCHAR},
      </if>
      <if test="compName != null">
        #{compName,jdbcType=VARCHAR},
      </if>
      <if test="taxpayerType != null">
        #{taxpayerType,jdbcType=DECIMAL},
      </if>
      <if test="compAddress != null">
        #{compAddress,jdbcType=VARCHAR},
      </if>
      <if test="compPostCode != null">
        #{compPostCode,jdbcType=VARCHAR},
      </if>
      <if test="compTel != null">
        #{compTel,jdbcType=VARCHAR},
      </if>
      <if test="compFax != null">
        #{compFax,jdbcType=VARCHAR},
      </if>
      <if test="signProvinceCode != null">
        #{signProvinceCode,jdbcType=VARCHAR},
      </if>
      <if test="signProvinceName != null">
        #{signProvinceName,jdbcType=VARCHAR},
      </if>
      <if test="signCityCode != null">
        #{signCityCode,jdbcType=VARCHAR},
      </if>
      <if test="signCityName != null">
        #{signCityName,jdbcType=VARCHAR},
      </if>
      <if test="signRegionCode != null">
        #{signRegionCode,jdbcType=VARCHAR},
      </if>
      <if test="signRegionName != null">
        #{signRegionName,jdbcType=VARCHAR},
      </if>
      <if test="provinceOrgCode != null">
        #{provinceOrgCode,jdbcType=VARCHAR},
      </if>
      <if test="orgName != null">
        #{orgName,jdbcType=VARCHAR},
      </if>
      <if test="cityOrgCode != null">
        #{cityOrgCode,jdbcType=VARCHAR},
      </if>
      <if test="regionOrgCode != null">
        #{regionOrgCode,jdbcType=VARCHAR},
      </if>
      <if test="orgLevel != null">
        #{orgLevel,jdbcType=VARCHAR},
      </if>
      <if test="remark != null">
        #{remark,jdbcType=VARCHAR},
      </if>
      <if test="supplierType != null">
        #{supplierType,jdbcType=INTEGER},
      </if>
      <if test="merchantId != null">
        #{merchantId,jdbcType=BIGINT},
      </if>
      <if test="merchantName != null">
        #{merchantName,jdbcType=VARCHAR},
      </if>
      <if test="status != null">
        #{status,jdbcType=INTEGER},
      </if>
      <if test="deleteFlag != null">
        #{deleteFlag,jdbcType=INTEGER},
      </if>
      <if test="reason != null">
        #{reason,jdbcType=VARCHAR},
      </if>
      <if test="contactName != null">
        #{contactName,jdbcType=VARCHAR},
      </if>
      <if test="contactTel != null">
        #{contactTel,jdbcType=VARCHAR},
      </if>
      <if test="contactEmail != null">
        #{contactEmail,jdbcType=VARCHAR},
      </if>
      <if test="contactQq != null">
        #{contactQq,jdbcType=VARCHAR},
      </if>
      <if test="brandName != null">
        #{brandName,jdbcType=VARCHAR},
      </if>
      <if test="busiLicenseCode != null">
        #{busiLicenseCode,jdbcType=VARCHAR},
      </if>
      <if test="busiLicenseRegistMoney != null">
        #{busiLicenseRegistMoney,jdbcType=DECIMAL},
      </if>
      <if test="busiLicenceProvinceId != null">
        #{busiLicenceProvinceId,jdbcType=DECIMAL},
      </if>
      <if test="busiLicenceProvinceName != null">
        #{busiLicenceProvinceName,jdbcType=VARCHAR},
      </if>
      <if test="busiLicenceCityId != null">
        #{busiLicenceCityId,jdbcType=DECIMAL},
      </if>
      <if test="busiLicenseCityName != null">
        #{busiLicenseCityName,jdbcType=VARCHAR},
      </if>
      <if test="busiLicenseAvailableBegin != null">
        #{busiLicenseAvailableBegin,jdbcType=DATE},
      </if>
      <if test="busiLicenseAvailableEnd != null">
        #{busiLicenseAvailableEnd,jdbcType=DATE},
      </if>
      <if test="busiLicensePic != null">
        #{busiLicensePic,jdbcType=VARCHAR},
      </if>
      <if test="orgLicenceCode != null">
        #{orgLicenceCode,jdbcType=VARCHAR},
      </if>
      <if test="orgLicencePic != null">
        #{orgLicencePic,jdbcType=VARCHAR},
      </if>
      <if test="taxLicenceCode != null">
        #{taxLicenceCode,jdbcType=VARCHAR},
      </if>
      <if test="taxLicencePic != null">
        #{taxLicencePic,jdbcType=VARCHAR},
      </if>
      <if test="bankLicenceParentCode != null">
        #{bankLicenceParentCode,jdbcType=VARCHAR},
      </if>
      <if test="bankLicenceParentName != null">
        #{bankLicenceParentName,jdbcType=VARCHAR},
      </if>
      <if test="bankLicenceName != null">
        #{bankLicenceName,jdbcType=VARCHAR},
      </if>
      <if test="bankLicenceCode != null">
        #{bankLicenceCode,jdbcType=VARCHAR},
      </if>
      <if test="bankLicenceBranchName != null">
        #{bankLicenceBranchName,jdbcType=VARCHAR},
      </if>
      <if test="bankLicenceBranchCode != null">
        #{bankLicenceBranchCode,jdbcType=VARCHAR},
      </if>
      <if test="bankLicenceProvinceId != null">
        #{bankLicenceProvinceId,jdbcType=DECIMAL},
      </if>
      <if test="bankLicenceProvinceName != null">
        #{bankLicenceProvinceName,jdbcType=VARCHAR},
      </if>
      <if test="bankLicenceCityId != null">
        #{bankLicenceCityId,jdbcType=DECIMAL},
      </if>
      <if test="bankLicenceCityName != null">
        #{bankLicenceCityName,jdbcType=VARCHAR},
      </if>
      <if test="bankLicencePic != null">
        #{bankLicencePic,jdbcType=VARCHAR},
      </if>
      <if test="legalmanLicenceName != null">
        #{legalmanLicenceName,jdbcType=VARCHAR},
      </if>
      <if test="legalmanLicenceCode != null">
        #{legalmanLicenceCode,jdbcType=VARCHAR},
      </if>
      <if test="legalmanLicencePic != null">
        #{legalmanLicencePic,jdbcType=VARCHAR},
      </if>
      <if test="legalmanLicenceBackpic != null">
        #{legalmanLicenceBackpic,jdbcType=VARCHAR},
      </if>
      <if test="createUserId != null">
        #{createUserId,jdbcType=BIGINT},
      </if>
      <if test="createUser != null">
        #{createUser,jdbcType=VARCHAR},
      </if>
      <if test="createTime != null">
        #{createTime,jdbcType=TIMESTAMP},
      </if>
      <if test="auditUserId != null">
        #{auditUserId,jdbcType=BIGINT},
      </if>
      <if test="auditUser != null">
        #{auditUser,jdbcType=VARCHAR},
      </if>
      <if test="auditTime != null">
        #{auditTime,jdbcType=TIMESTAMP},
      </if>
      <if test="updateUserId != null">
        #{updateUserId,jdbcType=BIGINT},
      </if>
      <if test="updateUser != null">
        #{updateUser,jdbcType=VARCHAR},
      </if>
      <if test="updateTime != null">
        #{updateTime,jdbcType=TIMESTAMP},
      </if>
      <if test="version != null">
        #{version,jdbcType=INTEGER},
      </if>
    </trim>
  </insert>
  <update id="updateByPrimaryKeySelective" parameterType="com.ule.wholesale.fxpurchase.server.vo.FXSupplierInfo">
    <!--
      WARNING - @mbggenerated
      This element is automatically generated by MyBatis Generator, do not modify.
    -->
    update fx_supplier_info
    <set>
      <if test="supplierName != null">
        SUPPLIER_NAME = #{supplierName,jdbcType=VARCHAR},
      </if>
      <if test="compName != null">
        COMP_NAME = #{compName,jdbcType=VARCHAR},
      </if>
      <if test="taxpayerType != null">
        TAXPAYER_TYPE = #{taxpayerType,jdbcType=DECIMAL},
      </if>
      <if test="compAddress != null">
        COMP_ADDRESS = #{compAddress,jdbcType=VARCHAR},
      </if>
      <if test="compPostCode != null">
        COMP_POST_CODE = #{compPostCode,jdbcType=VARCHAR},
      </if>
      <if test="compTel != null">
        COMP_TEL = #{compTel,jdbcType=VARCHAR},
      </if>
      <if test="compFax != null">
        COMP_FAX = #{compFax,jdbcType=VARCHAR},
      </if>
      <if test="signProvinceCode != null">
        SIGN_PROVINCE_CODE = #{signProvinceCode,jdbcType=VARCHAR},
      </if>
      <if test="signProvinceName != null">
        SIGN_PROVINCE_NAME = #{signProvinceName,jdbcType=VARCHAR},
      </if>
      <if test="signCityCode != null">
        SIGN_CITY_CODE = #{signCityCode,jdbcType=VARCHAR},
      </if>
      <if test="signCityName != null">
        SIGN_CITY_NAME = #{signCityName,jdbcType=VARCHAR},
      </if>
      <if test="signRegionCode != null">
        SIGN_REGION_CODE = #{signRegionCode,jdbcType=VARCHAR},
      </if>
      <if test="signRegionName != null">
        SIGN_REGION_NAME = #{signRegionName,jdbcType=VARCHAR},
      </if>
      <if test="provinceOrgCode != null">
        PROVINCE_ORG_CODE = #{provinceOrgCode,jdbcType=VARCHAR},
      </if>
      <if test="orgName != null">
        ORG_NAME = #{orgName,jdbcType=VARCHAR},
      </if>
      <if test="cityOrgCode != null">
        CITY_ORG_CODE = #{cityOrgCode,jdbcType=VARCHAR},
      </if>
      <if test="regionOrgCode != null">
        REGION_ORG_CODE = #{regionOrgCode,jdbcType=VARCHAR},
      </if>
      <if test="orgLevel != null">
        ORG_LEVEL = #{orgLevel,jdbcType=VARCHAR},
      </if>
      <if test="remark != null">
        REMARK = #{remark,jdbcType=VARCHAR},
      </if>
      <if test="supplierType != null">
        SUPPLIER_TYPE = #{supplierType,jdbcType=INTEGER},
      </if>
      <if test="merchantId != null">
        MERCHANT_ID = #{merchantId,jdbcType=BIGINT},
      </if>
      <if test="merchantName != null">
        MERCHANT_NAME = #{merchantName,jdbcType=VARCHAR},
      </if>
      <if test="status != null">
        STATUS = #{status,jdbcType=INTEGER},
      </if>
      <if test="deleteFlag != null">
        DELETE_FLAG = #{deleteFlag,jdbcType=INTEGER},
      </if>
      <if test="reason != null">
        REASON = #{reason,jdbcType=VARCHAR},
      </if>
      <if test="contactName != null">
        CONTACT_NAME = #{contactName,jdbcType=VARCHAR},
      </if>
      <if test="contactTel != null">
        CONTACT_TEL = #{contactTel,jdbcType=VARCHAR},
      </if>
      <if test="contactEmail != null">
        CONTACT_EMAIL = #{contactEmail,jdbcType=VARCHAR},
      </if>
      <if test="contactQq != null">
        CONTACT_QQ = #{contactQq,jdbcType=VARCHAR},
      </if>
      <if test="brandName != null">
        BRAND_NAME = #{brandName,jdbcType=VARCHAR},
      </if>
      <if test="busiLicenseCode != null">
        BUSI_LICENSE_CODE = #{busiLicenseCode,jdbcType=VARCHAR},
      </if>
      <if test="busiLicenseRegistMoney != null">
        BUSI_LICENSE_REGIST_MONEY = #{busiLicenseRegistMoney,jdbcType=DECIMAL},
      </if>
      <if test="busiLicenceProvinceId != null">
        BUSI_LICENCE_PROVINCE_ID = #{busiLicenceProvinceId,jdbcType=DECIMAL},
      </if>
      <if test="busiLicenceProvinceName != null">
        BUSI_LICENCE_PROVINCE_NAME = #{busiLicenceProvinceName,jdbcType=VARCHAR},
      </if>
      <if test="busiLicenceCityId != null">
        BUSI_LICENCE_CITY_ID = #{busiLicenceCityId,jdbcType=DECIMAL},
      </if>
      <if test="busiLicenseCityName != null">
        BUSI_LICENSE_CITY_NAME = #{busiLicenseCityName,jdbcType=VARCHAR},
      </if>
      <if test="busiLicenseAvailableBegin != null">
        BUSI_LICENSE_AVAILABLE_BEGIN = #{busiLicenseAvailableBegin,jdbcType=DATE},
      </if>
      <if test="busiLicenseAvailableEnd != null">
        BUSI_LICENSE_AVAILABLE_END = #{busiLicenseAvailableEnd,jdbcType=DATE},
      </if>
      <if test="busiLicensePic != null">
        BUSI_LICENSE_PIC = #{busiLicensePic,jdbcType=VARCHAR},
      </if>
      <if test="orgLicenceCode != null">
        ORG_LICENCE_CODE = #{orgLicenceCode,jdbcType=VARCHAR},
      </if>
      <if test="orgLicencePic != null">
        ORG_LICENCE_PIC = #{orgLicencePic,jdbcType=VARCHAR},
      </if>
      <if test="taxLicenceCode != null">
        TAX_LICENCE_CODE = #{taxLicenceCode,jdbcType=VARCHAR},
      </if>
      <if test="taxLicencePic != null">
        TAX_LICENCE_PIC = #{taxLicencePic,jdbcType=VARCHAR},
      </if>
      <if test="bankLicenceParentCode != null">
        BANK_LICENCE_PARENT_CODE = #{bankLicenceParentCode,jdbcType=VARCHAR},
      </if>
      <if test="bankLicenceParentName != null">
        BANK_LICENCE_PARENT_NAME = #{bankLicenceParentName,jdbcType=VARCHAR},
      </if>
      <if test="bankLicenceName != null">
        BANK_LICENCE_NAME = #{bankLicenceName,jdbcType=VARCHAR},
      </if>
      <if test="bankLicenceCode != null">
        BANK_LICENCE_CODE = #{bankLicenceCode,jdbcType=VARCHAR},
      </if>
      <if test="bankLicenceBranchName != null">
        BANK_LICENCE_BRANCH_NAME = #{bankLicenceBranchName,jdbcType=VARCHAR},
      </if>
      <if test="bankLicenceBranchCode != null">
        BANK_LICENCE_BRANCH_CODE = #{bankLicenceBranchCode,jdbcType=VARCHAR},
      </if>
      <if test="bankLicenceProvinceId != null">
        BANK_LICENCE_PROVINCE_ID = #{bankLicenceProvinceId,jdbcType=DECIMAL},
      </if>
      <if test="bankLicenceProvinceName != null">
        BANK_LICENCE_PROVINCE_NAME = #{bankLicenceProvinceName,jdbcType=VARCHAR},
      </if>
      <if test="bankLicenceCityId != null">
        BANK_LICENCE_CITY_ID = #{bankLicenceCityId,jdbcType=DECIMAL},
      </if>
      <if test="bankLicenceCityName != null">
        BANK_LICENCE_CITY_NAME = #{bankLicenceCityName,jdbcType=VARCHAR},
      </if>
      <if test="bankLicencePic != null">
        BANK_LICENCE_PIC = #{bankLicencePic,jdbcType=VARCHAR},
      </if>
      <if test="legalmanLicenceName != null">
        LEGALMAN_LICENCE_NAME = #{legalmanLicenceName,jdbcType=VARCHAR},
      </if>
      <if test="legalmanLicenceCode != null">
        LEGALMAN_LICENCE_CODE = #{legalmanLicenceCode,jdbcType=VARCHAR},
      </if>
      <if test="legalmanLicencePic != null">
        LEGALMAN_LICENCE_PIC = #{legalmanLicencePic,jdbcType=VARCHAR},
      </if>
      <if test="legalmanLicenceBackpic != null">
        LEGALMAN_LICENCE_BACKPIC = #{legalmanLicenceBackpic,jdbcType=VARCHAR},
      </if>
      <if test="createUserId != null">
        CREATE_USER_ID = #{createUserId,jdbcType=BIGINT},
      </if>
      <if test="createUser != null">
        CREATE_USER = #{createUser,jdbcType=VARCHAR},
      </if>
      <if test="createTime != null">
        CREATE_TIME = #{createTime,jdbcType=TIMESTAMP},
      </if>
      <if test="auditUserId != null">
        AUDIT_USER_ID = #{auditUserId,jdbcType=BIGINT},
      </if>
      <if test="auditUser != null">
        AUDIT_USER = #{auditUser,jdbcType=VARCHAR},
      </if>
      <if test="auditTime != null">
        AUDIT_TIME = #{auditTime,jdbcType=TIMESTAMP},
      </if>
      <if test="updateUserId != null">
        UPDATE_USER_ID = #{updateUserId,jdbcType=BIGINT},
      </if>
      <if test="updateUser != null">
        UPDATE_USER = #{updateUser,jdbcType=VARCHAR},
      </if>
      <if test="updateTime != null">
        UPDATE_TIME = #{updateTime,jdbcType=TIMESTAMP},
      </if>
      <if test="version != null">
        VERSION = #{version,jdbcType=INTEGER},
      </if>
    </set>
    where ID = #{id,jdbcType=BIGINT}
  </update>
  <update id="updateByPrimaryKey" parameterType="com.ule.wholesale.fxpurchase.server.vo.FXSupplierInfo">
    <!--
      WARNING - @mbggenerated
      This element is automatically generated by MyBatis Generator, do not modify.
    -->
    update fx_supplier_info
    set SUPPLIER_NAME = #{supplierName,jdbcType=VARCHAR},
      COMP_NAME = #{compName,jdbcType=VARCHAR},
      TAXPAYER_TYPE = #{taxpayerType,jdbcType=DECIMAL},
      COMP_ADDRESS = #{compAddress,jdbcType=VARCHAR},
      COMP_POST_CODE = #{compPostCode,jdbcType=VARCHAR},
      COMP_TEL = #{compTel,jdbcType=VARCHAR},
      COMP_FAX = #{compFax,jdbcType=VARCHAR},
      SIGN_PROVINCE_CODE = #{signProvinceCode,jdbcType=VARCHAR},
      SIGN_PROVINCE_NAME = #{signProvinceName,jdbcType=VARCHAR},
      SIGN_CITY_CODE = #{signCityCode,jdbcType=VARCHAR},
      SIGN_CITY_NAME = #{signCityName,jdbcType=VARCHAR},
      SIGN_REGION_CODE = #{signRegionCode,jdbcType=VARCHAR},
      SIGN_REGION_NAME = #{signRegionName,jdbcType=VARCHAR},
      PROVINCE_ORG_CODE = #{provinceOrgCode,jdbcType=VARCHAR},
      ORG_NAME = #{orgName,jdbcType=VARCHAR},
      CITY_ORG_CODE = #{cityOrgCode,jdbcType=VARCHAR},
      REGION_ORG_CODE = #{regionOrgCode,jdbcType=VARCHAR},
      ORG_LEVEL = #{orgLevel,jdbcType=VARCHAR},
      REMARK = #{remark,jdbcType=VARCHAR},
      SUPPLIER_TYPE = #{supplierType,jdbcType=INTEGER},
      MERCHANT_ID = #{merchantId,jdbcType=BIGINT},
      MERCHANT_NAME = #{merchantName,jdbcType=VARCHAR},
      STATUS = #{status,jdbcType=INTEGER},
      DELETE_FLAG = #{deleteFlag,jdbcType=INTEGER},
      REASON = #{reason,jdbcType=VARCHAR},
      CONTACT_NAME = #{contactName,jdbcType=VARCHAR},
      CONTACT_TEL = #{contactTel,jdbcType=VARCHAR},
      CONTACT_EMAIL = #{contactEmail,jdbcType=VARCHAR},
      CONTACT_QQ = #{contactQq,jdbcType=VARCHAR},
      BRAND_NAME = #{brandName,jdbcType=VARCHAR},
      BUSI_LICENSE_CODE = #{busiLicenseCode,jdbcType=VARCHAR},
      BUSI_LICENSE_REGIST_MONEY = #{busiLicenseRegistMoney,jdbcType=DECIMAL},
      BUSI_LICENCE_PROVINCE_ID = #{busiLicenceProvinceId,jdbcType=DECIMAL},
      BUSI_LICENCE_PROVINCE_NAME = #{busiLicenceProvinceName,jdbcType=VARCHAR},
      BUSI_LICENCE_CITY_ID = #{busiLicenceCityId,jdbcType=DECIMAL},
      BUSI_LICENSE_CITY_NAME = #{busiLicenseCityName,jdbcType=VARCHAR},
      BUSI_LICENSE_AVAILABLE_BEGIN = #{busiLicenseAvailableBegin,jdbcType=DATE},
      BUSI_LICENSE_AVAILABLE_END = #{busiLicenseAvailableEnd,jdbcType=DATE},
      BUSI_LICENSE_PIC = #{busiLicensePic,jdbcType=VARCHAR},
      ORG_LICENCE_CODE = #{orgLicenceCode,jdbcType=VARCHAR},
      ORG_LICENCE_PIC = #{orgLicencePic,jdbcType=VARCHAR},
      TAX_LICENCE_CODE = #{taxLicenceCode,jdbcType=VARCHAR},
      TAX_LICENCE_PIC = #{taxLicencePic,jdbcType=VARCHAR},
      BANK_LICENCE_PARENT_CODE = #{bankLicenceParentCode,jdbcType=VARCHAR},
      BANK_LICENCE_PARENT_NAME = #{bankLicenceParentName,jdbcType=VARCHAR},
      BANK_LICENCE_NAME = #{bankLicenceName,jdbcType=VARCHAR},
      BANK_LICENCE_CODE = #{bankLicenceCode,jdbcType=VARCHAR},
      BANK_LICENCE_BRANCH_NAME = #{bankLicenceBranchName,jdbcType=VARCHAR},
      BANK_LICENCE_BRANCH_CODE = #{bankLicenceBranchCode,jdbcType=VARCHAR},
      BANK_LICENCE_PROVINCE_ID = #{bankLicenceProvinceId,jdbcType=DECIMAL},
      BANK_LICENCE_PROVINCE_NAME = #{bankLicenceProvinceName,jdbcType=VARCHAR},
      BANK_LICENCE_CITY_ID = #{bankLicenceCityId,jdbcType=DECIMAL},
      BANK_LICENCE_CITY_NAME = #{bankLicenceCityName,jdbcType=VARCHAR},
      BANK_LICENCE_PIC = #{bankLicencePic,jdbcType=VARCHAR},
      LEGALMAN_LICENCE_NAME = #{legalmanLicenceName,jdbcType=VARCHAR},
      LEGALMAN_LICENCE_CODE = #{legalmanLicenceCode,jdbcType=VARCHAR},
      LEGALMAN_LICENCE_PIC = #{legalmanLicencePic,jdbcType=VARCHAR},
      LEGALMAN_LICENCE_BACKPIC = #{legalmanLicenceBackpic,jdbcType=VARCHAR},
      CREATE_USER_ID = #{createUserId,jdbcType=BIGINT},
      CREATE_USER = #{createUser,jdbcType=VARCHAR},
      CREATE_TIME = #{createTime,jdbcType=TIMESTAMP},
      AUDIT_USER_ID = #{auditUserId,jdbcType=BIGINT},
      AUDIT_USER = #{auditUser,jdbcType=VARCHAR},
      AUDIT_TIME = #{auditTime,jdbcType=TIMESTAMP},
      UPDATE_USER_ID = #{updateUserId,jdbcType=BIGINT},
      UPDATE_USER = #{updateUser,jdbcType=VARCHAR},
      UPDATE_TIME = #{updateTime,jdbcType=TIMESTAMP},
      VERSION = #{version,jdbcType=INTEGER}
    where ID = #{id,jdbcType=BIGINT}
  </update>
  
  <select id="selectFxSupplierInfos" parameterType="com.ule.wholesale.fxpurchase.server.vo.FXSupplierInfo" resultMap="BaseResultMap">
	    SELECT
			fs.ID,
			fs.SUPPLIER_NAME,
			fs.ORG_LICENCE_PIC,
			fs.COMP_NAME,
			fs.MERCHANT_ID,
			fs.MERCHANT_NAME,
			fs.CREATE_TIME,
			fs.CREATE_USER,
			fs.UPDATE_TIME,
			fs.UPDATE_USER,
			fs.status,
			fs.ORG_NAME
		FROM
			fx_supplier_info fs
		WHERE
			1 = 1 and DELETE_FLAG != 1 
		<if test="id != null and id &gt;0 ">
			AND fs.ID = #{id}
		</if>
		<if test="supplierName != null and supplierName != '' ">
			AND fs.SUPPLIER_NAME LIKE CONCAT('%',#{supplierName},'%')
		</if>
		<if test="compName != null and compName != '' ">
			AND fs.COMP_NAME LIKE CONCAT('%',#{compName},'%')
		</if>
		<if test="merchantId != null and merchantId &gt; 0 ">
			AND fs.MERCHANT_ID = #{merchantId}
		</if>
		<if test="status != null and status &gt;= 0 ">
			AND fs.STATUS = #{status}
		</if>
		<if test="signProvinceCode != null and signProvinceCode != '' ">
			AND fs.SIGN_PROVINCE_CODE = #{signProvinceCode}
		</if>
		<if test="signCityCode != null and signCityCode != '' ">
			AND fs.SIGN_CITY_CODE = #{signCityCode}
		</if>
		<if test="signRegionCode != null and signRegionCode != '' ">
			AND fs.SIGN_REGION_CODE = #{signRegionCode}
		</if>
		<if test="orgLevel != null and orgLevel != ''">
			AND fs.org_level = #{orgLevel}
			<if test="provinceOrgCode != null and provinceOrgCode != '' and orgLevel == 1">
				AND fs.province_org_code = #{provinceOrgCode}
			</if>
			<if test="cityOrgCode != null and cityOrgCode != '' and orgLevel == 2">
				AND fs.city_org_code = #{cityOrgCode}
			</if>
			<if test="regionOrgCode != null and regionOrgCode != '' and orgLevel == 3">
				AND fs.region_org_code = #{regionOrgCode}
			</if>
		</if>
  </select>
</mapper>