<?xml version="1.0" encoding="UTF-8" ?>
<!DOCTYPE mapper PUBLIC "-//mybatis.org//DTD Mapper 3.0//EN" "http://mybatis.org/dtd/mybatis-3-mapper.dtd" >
<mapper namespace="com.ule.wholesale.fxpurchase.server.mapper.FXWholesaleOrderMapper" >
  <resultMap id="BaseResultMap" type="com.ule.wholesale.fxpurchase.server.vo.FXWholesaleOrder" >
    <!--
      WARNING - @mbggenerated
      This element is automatically generated by MyBatis Generator, do not modify.
    -->
    <id column="ID" property="id" jdbcType="BIGINT" />
    <result column="ORDER_NO" property="orderNo" jdbcType="VARCHAR" />
    <result column="SIGN_PROVINCE_CODE" property="signProvinceCode" jdbcType="VARCHAR" />
    <result column="SIGN_PROVINCE_NAME" property="signProvinceName" jdbcType="VARCHAR" />
    <result column="SIGN_CITY_CODE" property="signCityCode" jdbcType="VARCHAR" />
    <result column="SIGN_CITY_NAME" property="signCityName" jdbcType="VARCHAR" />
    <result column="SIGN_REGION_CODE" property="signRegionCode" jdbcType="VARCHAR" />
    <result column="SIGN_REGION_NAME" property="signRegionName" jdbcType="VARCHAR" />
    <result column="PROVINCE_ORG_CODE" property="provinceOrgCode" jdbcType="VARCHAR" />
    <result column="CITY_ORG_CODE" property="cityOrgCode" jdbcType="VARCHAR" />
    <result column="REGION_ORG_CODE" property="regionOrgCode" jdbcType="VARCHAR" />
    <result column="ORG_LEVEL" property="orgLevel" jdbcType="VARCHAR" />
    <result column="ORG_NAME" property="orgName" jdbcType="VARCHAR" />
    <result column="STATE" property="state" jdbcType="INTEGER" />
    <result column="REASON" property="reason" jdbcType="VARCHAR" />
    <result column="MERCHANT_NAME" property="merchantName" jdbcType="VARCHAR" />
    <result column="MERCHANT_ID" property="merchantId" jdbcType="BIGINT" />
    <result column="WAREHOUSE_NAME" property="warehouseName" jdbcType="VARCHAR" />
    <result column="WAREHOUSE_ID" property="warehouseId" jdbcType="BIGINT" />
    <result column="ADDRESS" property="address" jdbcType="VARCHAR" />
    <result column="SOURCE_ORDER_TYPE" property="sourceOrderType" jdbcType="INTEGER" />
    <result column="SOURCE_ORDER_NO" property="sourceOrderNo" jdbcType="VARCHAR" />
    <result column="WH_ORDER_NO" property="whOrderNo" jdbcType="VARCHAR" />
    <result column="PLAN_RECIPT_TIME" property="planReciptTime" jdbcType="TIMESTAMP" />
    <result column="DELIVERY_TIME" property="deliveryTime" jdbcType="TIMESTAMP" />
    <result column="WH_RECEIPT_TIME" property="whReceiptTime" jdbcType="TIMESTAMP" />
    <result column="PLAN_NUM" property="planNum" jdbcType="INTEGER" />
    <result column="PLAN_AMT" property="planAmt" jdbcType="DECIMAL" />
    <result column="ACT_NUM" property="actNum" jdbcType="INTEGER" />
    <result column="ACT_AMT" property="actAmt" jdbcType="DECIMAL" />
    <result column="REMARK" property="remark" jdbcType="VARCHAR" />
    <result column="CREATE_USER" property="createUser" jdbcType="VARCHAR" />
    <result column="CREATE_USER_ID" property="createUserId" jdbcType="BIGINT" />
    <result column="CREATE_TIME" property="createTime" jdbcType="TIMESTAMP" />
    <result column="UPDATE_USER" property="updateUser" jdbcType="VARCHAR" />
    <result column="UPDATE_USER_ID" property="updateUserId" jdbcType="BIGINT" />
    <result column="UPDATE_TIME" property="updateTime" jdbcType="TIMESTAMP" />
    <result column="AUDIT_USER" property="auditUser" jdbcType="VARCHAR" />
    <result column="AUDIT_USER_ID" property="auditUserId" jdbcType="BIGINT" />
    <result column="AUDIT_TIME" property="auditTime" jdbcType="TIMESTAMP" />
    <result column="CANCEL_USER" property="cancelUser" jdbcType="VARCHAR" />
    <result column="CANCEL_TIME" property="cancelTime" jdbcType="TIMESTAMP" />
    <result column="VERSION" property="version" jdbcType="INTEGER" />
    <result column="PURCHASE_ORDER_ID" property="purchaseOrderId" jdbcType="BIGINT" />
  </resultMap>
  <sql id="Base_Column_List" >
    <!--
      WARNING - @mbggenerated
      This element is automatically generated by MyBatis Generator, do not modify.
    -->
    ID, ORDER_NO, SIGN_PROVINCE_CODE, SIGN_PROVINCE_NAME, SIGN_CITY_CODE, SIGN_CITY_NAME, 
    SIGN_REGION_CODE, SIGN_REGION_NAME, PROVINCE_ORG_CODE, CITY_ORG_CODE, REGION_ORG_CODE, 
    ORG_LEVEL, ORG_NAME, STATE, REASON, MERCHANT_NAME, MERCHANT_ID, WAREHOUSE_NAME, WAREHOUSE_ID, 
    ADDRESS, SOURCE_ORDER_TYPE, SOURCE_ORDER_NO, WH_ORDER_NO, PLAN_RECIPT_TIME, DELIVERY_TIME, 
    WH_RECEIPT_TIME, PLAN_NUM, PLAN_AMT, ACT_NUM, ACT_AMT, REMARK, CREATE_USER, CREATE_USER_ID, 
    CREATE_TIME, UPDATE_USER, UPDATE_USER_ID, UPDATE_TIME, AUDIT_USER, AUDIT_USER_ID, 
    AUDIT_TIME, CANCEL_USER, CANCEL_TIME, VERSION, PURCHASE_ORDER_ID
  </sql>
  <select id="selectByPrimaryKey" resultMap="BaseResultMap" parameterType="java.lang.Long" >
    <!--
      WARNING - @mbggenerated
      This element is automatically generated by MyBatis Generator, do not modify.
    -->
    select 
    <include refid="Base_Column_List" />
    from fx_wholesale_order
    where ID = #{id,jdbcType=BIGINT}
  </select>
  <delete id="deleteByPrimaryKey" parameterType="java.lang.Long" >
    <!--
      WARNING - @mbggenerated
      This element is automatically generated by MyBatis Generator, do not modify.
    -->
    delete from fx_wholesale_order
    where ID = #{id,jdbcType=BIGINT}
  </delete>
  <insert id="insert" parameterType="com.ule.wholesale.fxpurchase.server.vo.FXWholesaleOrder" >
    <!--
      WARNING - @mbggenerated
      This element is automatically generated by MyBatis Generator, do not modify.
    -->
    <selectKey resultType="java.lang.Long" keyProperty="id" order="AFTER" >
      SELECT LAST_INSERT_ID()
    </selectKey>
    insert into fx_wholesale_order (ORDER_NO, SIGN_PROVINCE_CODE, SIGN_PROVINCE_NAME, 
      SIGN_CITY_CODE, SIGN_CITY_NAME, SIGN_REGION_CODE, 
      SIGN_REGION_NAME, PROVINCE_ORG_CODE, CITY_ORG_CODE, 
      REGION_ORG_CODE, ORG_LEVEL, ORG_NAME, 
      STATE, REASON, MERCHANT_NAME, 
      MERCHANT_ID, WAREHOUSE_NAME, WAREHOUSE_ID, 
      ADDRESS, SOURCE_ORDER_TYPE, SOURCE_ORDER_NO, 
      WH_ORDER_NO, PLAN_RECIPT_TIME, DELIVERY_TIME, 
      WH_RECEIPT_TIME, PLAN_NUM, PLAN_AMT, 
      ACT_NUM, ACT_AMT, REMARK, 
      CREATE_USER, CREATE_USER_ID, CREATE_TIME, 
      UPDATE_USER, UPDATE_USER_ID, UPDATE_TIME, 
      AUDIT_USER, AUDIT_USER_ID, AUDIT_TIME, 
      CANCEL_USER, CANCEL_TIME, VERSION, PURCHASE_ORDER_ID
      )
    values (#{orderNo,jdbcType=VARCHAR}, #{signProvinceCode,jdbcType=VARCHAR}, #{signProvinceName,jdbcType=VARCHAR}, 
      #{signCityCode,jdbcType=VARCHAR}, #{signCityName,jdbcType=VARCHAR}, #{signRegionCode,jdbcType=VARCHAR}, 
      #{signRegionName,jdbcType=VARCHAR}, #{provinceOrgCode,jdbcType=VARCHAR}, #{cityOrgCode,jdbcType=VARCHAR}, 
      #{regionOrgCode,jdbcType=VARCHAR}, #{orgLevel,jdbcType=VARCHAR}, #{orgName,jdbcType=VARCHAR}, 
      #{state,jdbcType=INTEGER}, #{reason,jdbcType=VARCHAR}, #{merchantName,jdbcType=VARCHAR}, 
      #{merchantId,jdbcType=BIGINT}, #{warehouseName,jdbcType=VARCHAR}, #{warehouseId,jdbcType=BIGINT}, 
      #{address,jdbcType=VARCHAR}, #{sourceOrderType,jdbcType=INTEGER}, #{sourceOrderNo,jdbcType=VARCHAR}, 
      #{whOrderNo,jdbcType=VARCHAR}, #{planReciptTime,jdbcType=TIMESTAMP}, #{deliveryTime,jdbcType=TIMESTAMP}, 
      #{whReceiptTime,jdbcType=TIMESTAMP}, #{planNum,jdbcType=INTEGER}, #{planAmt,jdbcType=DECIMAL}, 
      #{actNum,jdbcType=INTEGER}, #{actAmt,jdbcType=DECIMAL}, #{remark,jdbcType=VARCHAR}, 
      #{createUser,jdbcType=VARCHAR}, #{createUserId,jdbcType=BIGINT}, #{createTime,jdbcType=TIMESTAMP}, 
      #{updateUser,jdbcType=VARCHAR}, #{updateUserId,jdbcType=BIGINT}, #{updateTime,jdbcType=TIMESTAMP}, 
      #{auditUser,jdbcType=VARCHAR}, #{auditUserId,jdbcType=BIGINT}, #{auditTime,jdbcType=TIMESTAMP}, 
      #{cancelUser,jdbcType=VARCHAR}, #{cancelTime,jdbcType=TIMESTAMP}, #{version,jdbcType=INTEGER}, #{purchaseOrderId,jdbcType=BIGINT}
      )
  </insert>
  <insert id="insertSelective" parameterType="com.ule.wholesale.fxpurchase.server.vo.FXWholesaleOrder" >
    <!--
      WARNING - @mbggenerated
      This element is automatically generated by MyBatis Generator, do not modify.
    -->
    <selectKey resultType="java.lang.Long" keyProperty="id" order="AFTER" >
      SELECT LAST_INSERT_ID()
    </selectKey>
    insert into fx_wholesale_order
    <trim prefix="(" suffix=")" suffixOverrides="," >
      <if test="orderNo != null" >
        ORDER_NO,
      </if>
      <if test="signProvinceCode != null" >
        SIGN_PROVINCE_CODE,
      </if>
      <if test="signProvinceName != null" >
        SIGN_PROVINCE_NAME,
      </if>
      <if test="signCityCode != null" >
        SIGN_CITY_CODE,
      </if>
      <if test="signCityName != null" >
        SIGN_CITY_NAME,
      </if>
      <if test="signRegionCode != null" >
        SIGN_REGION_CODE,
      </if>
      <if test="signRegionName != null" >
        SIGN_REGION_NAME,
      </if>
      <if test="provinceOrgCode != null" >
        PROVINCE_ORG_CODE,
      </if>
      <if test="cityOrgCode != null" >
        CITY_ORG_CODE,
      </if>
      <if test="regionOrgCode != null" >
        REGION_ORG_CODE,
      </if>
      <if test="orgLevel != null" >
        ORG_LEVEL,
      </if>
      <if test="orgName != null" >
        ORG_NAME,
      </if>
      <if test="state != null" >
        STATE,
      </if>
      <if test="reason != null" >
        REASON,
      </if>
      <if test="merchantName != null" >
        MERCHANT_NAME,
      </if>
      <if test="merchantId != null" >
        MERCHANT_ID,
      </if>
      <if test="warehouseName != null" >
        WAREHOUSE_NAME,
      </if>
      <if test="warehouseId != null" >
        WAREHOUSE_ID,
      </if>
      <if test="address != null" >
        ADDRESS,
      </if>
      <if test="sourceOrderType != null" >
        SOURCE_ORDER_TYPE,
      </if>
      <if test="sourceOrderNo != null" >
        SOURCE_ORDER_NO,
      </if>
      <if test="whOrderNo != null" >
        WH_ORDER_NO,
      </if>
      <if test="planReciptTime != null" >
        PLAN_RECIPT_TIME,
      </if>
      <if test="deliveryTime != null" >
        DELIVERY_TIME,
      </if>
      <if test="whReceiptTime != null" >
        WH_RECEIPT_TIME,
      </if>
      <if test="planNum != null" >
        PLAN_NUM,
      </if>
      <if test="planAmt != null" >
        PLAN_AMT,
      </if>
      <if test="actNum != null" >
        ACT_NUM,
      </if>
      <if test="actAmt != null" >
        ACT_AMT,
      </if>
      <if test="remark != null" >
        REMARK,
      </if>
      <if test="createUser != null" >
        CREATE_USER,
      </if>
      <if test="createUserId != null" >
        CREATE_USER_ID,
      </if>
      <if test="createTime != null" >
        CREATE_TIME,
      </if>
      <if test="updateUser != null" >
        UPDATE_USER,
      </if>
      <if test="updateUserId != null" >
        UPDATE_USER_ID,
      </if>
      <if test="updateTime != null" >
        UPDATE_TIME,
      </if>
      <if test="auditUser != null" >
        AUDIT_USER,
      </if>
      <if test="auditUserId != null" >
        AUDIT_USER_ID,
      </if>
      <if test="auditTime != null" >
        AUDIT_TIME,
      </if>
      <if test="cancelUser != null" >
        CANCEL_USER,
      </if>
      <if test="cancelTime != null" >
        CANCEL_TIME,
      </if>
      <if test="version != null" >
        VERSION,
      </if>
      <if test="purchaseOrderId != null" >
        PURCHASE_ORDER_ID,
      </if>
    </trim>
    <trim prefix="values (" suffix=")" suffixOverrides="," >
      <if test="orderNo != null" >
        #{orderNo,jdbcType=VARCHAR},
      </if>
      <if test="signProvinceCode != null" >
        #{signProvinceCode,jdbcType=VARCHAR},
      </if>
      <if test="signProvinceName != null" >
        #{signProvinceName,jdbcType=VARCHAR},
      </if>
      <if test="signCityCode != null" >
        #{signCityCode,jdbcType=VARCHAR},
      </if>
      <if test="signCityName != null" >
        #{signCityName,jdbcType=VARCHAR},
      </if>
      <if test="signRegionCode != null" >
        #{signRegionCode,jdbcType=VARCHAR},
      </if>
      <if test="signRegionName != null" >
        #{signRegionName,jdbcType=VARCHAR},
      </if>
      <if test="provinceOrgCode != null" >
        #{provinceOrgCode,jdbcType=VARCHAR},
      </if>
      <if test="cityOrgCode != null" >
        #{cityOrgCode,jdbcType=VARCHAR},
      </if>
      <if test="regionOrgCode != null" >
        #{regionOrgCode,jdbcType=VARCHAR},
      </if>
      <if test="orgLevel != null" >
        #{orgLevel,jdbcType=VARCHAR},
      </if>
      <if test="orgName != null" >
        #{orgName,jdbcType=VARCHAR},
      </if>
      <if test="state != null" >
        #{state,jdbcType=INTEGER},
      </if>
      <if test="reason != null" >
        #{reason,jdbcType=VARCHAR},
      </if>
      <if test="merchantName != null" >
        #{merchantName,jdbcType=VARCHAR},
      </if>
      <if test="merchantId != null" >
        #{merchantId,jdbcType=BIGINT},
      </if>
      <if test="warehouseName != null" >
        #{warehouseName,jdbcType=VARCHAR},
      </if>
      <if test="warehouseId != null" >
        #{warehouseId,jdbcType=BIGINT},
      </if>
      <if test="address != null" >
        #{address,jdbcType=VARCHAR},
      </if>
      <if test="sourceOrderType != null" >
        #{sourceOrderType,jdbcType=INTEGER},
      </if>
      <if test="sourceOrderNo != null" >
        #{sourceOrderNo,jdbcType=VARCHAR},
      </if>
      <if test="whOrderNo != null" >
        #{whOrderNo,jdbcType=VARCHAR},
      </if>
      <if test="planReciptTime != null" >
        #{planReciptTime,jdbcType=TIMESTAMP},
      </if>
      <if test="deliveryTime != null" >
        #{deliveryTime,jdbcType=TIMESTAMP},
      </if>
      <if test="whReceiptTime != null" >
        #{whReceiptTime,jdbcType=TIMESTAMP},
      </if>
      <if test="planNum != null" >
        #{planNum,jdbcType=INTEGER},
      </if>
      <if test="planAmt != null" >
        #{planAmt,jdbcType=DECIMAL},
      </if>
      <if test="actNum != null" >
        #{actNum,jdbcType=INTEGER},
      </if>
      <if test="actAmt != null" >
        #{actAmt,jdbcType=DECIMAL},
      </if>
      <if test="remark != null" >
        #{remark,jdbcType=VARCHAR},
      </if>
      <if test="createUser != null" >
        #{createUser,jdbcType=VARCHAR},
      </if>
      <if test="createUserId != null" >
        #{createUserId,jdbcType=BIGINT},
      </if>
      <if test="createTime != null" >
        #{createTime,jdbcType=TIMESTAMP},
      </if>
      <if test="updateUser != null" >
        #{updateUser,jdbcType=VARCHAR},
      </if>
      <if test="updateUserId != null" >
        #{updateUserId,jdbcType=BIGINT},
      </if>
      <if test="updateTime != null" >
        #{updateTime,jdbcType=TIMESTAMP},
      </if>
      <if test="auditUser != null" >
        #{auditUser,jdbcType=VARCHAR},
      </if>
      <if test="auditUserId != null" >
        #{auditUserId,jdbcType=BIGINT},
      </if>
      <if test="auditTime != null" >
        #{auditTime,jdbcType=TIMESTAMP},
      </if>
      <if test="cancelUser != null" >
        #{cancelUser,jdbcType=VARCHAR},
      </if>
      <if test="cancelTime != null" >
        #{cancelTime,jdbcType=TIMESTAMP},
      </if>
      <if test="version != null" >
        #{version,jdbcType=INTEGER},
      </if>
      <if test="purchaseOrderId != null" >
        #{purchaseOrderId,jdbcType=BIGINT},
      </if>
    </trim>
  </insert>
  <update id="updateByPrimaryKeySelective" parameterType="com.ule.wholesale.fxpurchase.server.vo.FXWholesaleOrder" >
    <!--
      WARNING - @mbggenerated
      This element is automatically generated by MyBatis Generator, do not modify.
    -->
    update fx_wholesale_order
    <set >
      <if test="orderNo != null" >
        ORDER_NO = #{orderNo,jdbcType=VARCHAR},
      </if>
      <if test="signProvinceCode != null" >
        SIGN_PROVINCE_CODE = #{signProvinceCode,jdbcType=VARCHAR},
      </if>
      <if test="signProvinceName != null" >
        SIGN_PROVINCE_NAME = #{signProvinceName,jdbcType=VARCHAR},
      </if>
      <if test="signCityCode != null" >
        SIGN_CITY_CODE = #{signCityCode,jdbcType=VARCHAR},
      </if>
      <if test="signCityName != null" >
        SIGN_CITY_NAME = #{signCityName,jdbcType=VARCHAR},
      </if>
      <if test="signRegionCode != null" >
        SIGN_REGION_CODE = #{signRegionCode,jdbcType=VARCHAR},
      </if>
      <if test="signRegionName != null" >
        SIGN_REGION_NAME = #{signRegionName,jdbcType=VARCHAR},
      </if>
      <if test="provinceOrgCode != null" >
        PROVINCE_ORG_CODE = #{provinceOrgCode,jdbcType=VARCHAR},
      </if>
      <if test="cityOrgCode != null" >
        CITY_ORG_CODE = #{cityOrgCode,jdbcType=VARCHAR},
      </if>
      <if test="regionOrgCode != null" >
        REGION_ORG_CODE = #{regionOrgCode,jdbcType=VARCHAR},
      </if>
      <if test="orgLevel != null" >
        ORG_LEVEL = #{orgLevel,jdbcType=VARCHAR},
      </if>
      <if test="orgName != null" >
        ORG_NAME = #{orgName,jdbcType=VARCHAR},
      </if>
      <if test="state != null" >
        STATE = #{state,jdbcType=INTEGER},
      </if>
      <if test="reason != null" >
        REASON = #{reason,jdbcType=VARCHAR},
      </if>
      <if test="merchantName != null" >
        MERCHANT_NAME = #{merchantName,jdbcType=VARCHAR},
      </if>
      <if test="merchantId != null" >
        MERCHANT_ID = #{merchantId,jdbcType=BIGINT},
      </if>
      <if test="warehouseName != null" >
        WAREHOUSE_NAME = #{warehouseName,jdbcType=VARCHAR},
      </if>
      <if test="warehouseId != null" >
        WAREHOUSE_ID = #{warehouseId,jdbcType=BIGINT},
      </if>
      <if test="address != null" >
        ADDRESS = #{address,jdbcType=VARCHAR},
      </if>
      <if test="sourceOrderType != null" >
        SOURCE_ORDER_TYPE = #{sourceOrderType,jdbcType=INTEGER},
      </if>
      <if test="sourceOrderNo != null" >
        SOURCE_ORDER_NO = #{sourceOrderNo,jdbcType=VARCHAR},
      </if>
      <if test="whOrderNo != null" >
        WH_ORDER_NO = #{whOrderNo,jdbcType=VARCHAR},
      </if>
      <if test="planReciptTime != null" >
        PLAN_RECIPT_TIME = #{planReciptTime,jdbcType=TIMESTAMP},
      </if>
      <if test="deliveryTime != null" >
        DELIVERY_TIME = #{deliveryTime,jdbcType=TIMESTAMP},
      </if>
      <if test="whReceiptTime != null" >
        WH_RECEIPT_TIME = #{whReceiptTime,jdbcType=TIMESTAMP},
      </if>
      <if test="planNum != null" >
        PLAN_NUM = #{planNum,jdbcType=INTEGER},
      </if>
      <if test="planAmt != null" >
        PLAN_AMT = #{planAmt,jdbcType=DECIMAL},
      </if>
      <if test="actNum != null" >
        ACT_NUM = #{actNum,jdbcType=INTEGER},
      </if>
      <if test="actAmt != null" >
        ACT_AMT = #{actAmt,jdbcType=DECIMAL},
      </if>
      <if test="remark != null" >
        REMARK = #{remark,jdbcType=VARCHAR},
      </if>
      <if test="createUser != null" >
        CREATE_USER = #{createUser,jdbcType=VARCHAR},
      </if>
      <if test="createUserId != null" >
        CREATE_USER_ID = #{createUserId,jdbcType=BIGINT},
      </if>
      <if test="createTime != null" >
        CREATE_TIME = #{createTime,jdbcType=TIMESTAMP},
      </if>
      <if test="updateUser != null" >
        UPDATE_USER = #{updateUser,jdbcType=VARCHAR},
      </if>
      <if test="updateUserId != null" >
        UPDATE_USER_ID = #{updateUserId,jdbcType=BIGINT},
      </if>
      <if test="updateTime != null" >
        UPDATE_TIME = #{updateTime,jdbcType=TIMESTAMP},
      </if>
      <if test="auditUser != null" >
        AUDIT_USER = #{auditUser,jdbcType=VARCHAR},
      </if>
      <if test="auditUserId != null" >
        AUDIT_USER_ID = #{auditUserId,jdbcType=BIGINT},
      </if>
      <if test="auditTime != null" >
        AUDIT_TIME = #{auditTime,jdbcType=TIMESTAMP},
      </if>
      <if test="cancelUser != null" >
        CANCEL_USER = #{cancelUser,jdbcType=VARCHAR},
      </if>
      <if test="cancelTime != null" >
        CANCEL_TIME = #{cancelTime,jdbcType=TIMESTAMP},
      </if>
      <if test="version != null" >
        VERSION = #{version,jdbcType=INTEGER},
      </if>
      <if test="purchaseOrderId != null" >
        PURCHASE_ORDER_ID = #{purchaseOrderId,jdbcType=BIGINT},
      </if>
    </set>
    where ID = #{id,jdbcType=BIGINT}
  </update>
  <update id="updateByPrimaryKey" parameterType="com.ule.wholesale.fxpurchase.server.vo.FXWholesaleOrder" >
    <!--
      WARNING - @mbggenerated
      This element is automatically generated by MyBatis Generator, do not modify.
    -->
    update fx_wholesale_order
    set ORDER_NO = #{orderNo,jdbcType=VARCHAR},
      SIGN_PROVINCE_CODE = #{signProvinceCode,jdbcType=VARCHAR},
      SIGN_PROVINCE_NAME = #{signProvinceName,jdbcType=VARCHAR},
      SIGN_CITY_CODE = #{signCityCode,jdbcType=VARCHAR},
      SIGN_CITY_NAME = #{signCityName,jdbcType=VARCHAR},
      SIGN_REGION_CODE = #{signRegionCode,jdbcType=VARCHAR},
      SIGN_REGION_NAME = #{signRegionName,jdbcType=VARCHAR},
      PROVINCE_ORG_CODE = #{provinceOrgCode,jdbcType=VARCHAR},
      CITY_ORG_CODE = #{cityOrgCode,jdbcType=VARCHAR},
      REGION_ORG_CODE = #{regionOrgCode,jdbcType=VARCHAR},
      ORG_LEVEL = #{orgLevel,jdbcType=VARCHAR},
      ORG_NAME = #{orgName,jdbcType=VARCHAR},
      STATE = #{state,jdbcType=INTEGER},
      REASON = #{reason,jdbcType=VARCHAR},
      MERCHANT_NAME = #{merchantName,jdbcType=VARCHAR},
      MERCHANT_ID = #{merchantId,jdbcType=BIGINT},
      WAREHOUSE_NAME = #{warehouseName,jdbcType=VARCHAR},
      WAREHOUSE_ID = #{warehouseId,jdbcType=BIGINT},
      ADDRESS = #{address,jdbcType=VARCHAR},
      SOURCE_ORDER_TYPE = #{sourceOrderType,jdbcType=INTEGER},
      SOURCE_ORDER_NO = #{sourceOrderNo,jdbcType=VARCHAR},
      WH_ORDER_NO = #{whOrderNo,jdbcType=VARCHAR},
      PLAN_RECIPT_TIME = #{planReciptTime,jdbcType=TIMESTAMP},
      DELIVERY_TIME = #{deliveryTime,jdbcType=TIMESTAMP},
      WH_RECEIPT_TIME = #{whReceiptTime,jdbcType=TIMESTAMP},
      PLAN_NUM = #{planNum,jdbcType=INTEGER},
      PLAN_AMT = #{planAmt,jdbcType=DECIMAL},
      ACT_NUM = #{actNum,jdbcType=INTEGER},
      ACT_AMT = #{actAmt,jdbcType=DECIMAL},
      REMARK = #{remark,jdbcType=VARCHAR},
      CREATE_USER = #{createUser,jdbcType=VARCHAR},
      CREATE_USER_ID = #{createUserId,jdbcType=BIGINT},
      CREATE_TIME = #{createTime,jdbcType=TIMESTAMP},
      UPDATE_USER = #{updateUser,jdbcType=VARCHAR},
      UPDATE_USER_ID = #{updateUserId,jdbcType=BIGINT},
      UPDATE_TIME = #{updateTime,jdbcType=TIMESTAMP},
      AUDIT_USER = #{auditUser,jdbcType=VARCHAR},
      AUDIT_USER_ID = #{auditUserId,jdbcType=BIGINT},
      AUDIT_TIME = #{auditTime,jdbcType=TIMESTAMP},
      CANCEL_USER = #{cancelUser,jdbcType=VARCHAR},
      CANCEL_TIME = #{cancelTime,jdbcType=TIMESTAMP},
      VERSION = #{version,jdbcType=INTEGER},
      PURCHASE_ORDER_ID = #{purchaseOrderId,jdbcType=BIGINT}
    where ID = #{id,jdbcType=BIGINT}
  </update>
</mapper>