<?xml version="1.0" encoding="UTF-8"?>
<kafka-clients>
    <consumer>
        <!-- 唯一ID -->
        <id>kafka_wholesale_purchase_order_consumer_self</id>
        <!-- 消费的topic -->
        <topic>kafka_wholesale_purchase_order</topic>
        <handler.class>com.ule.wholesale.fxpurchase.server.msghandler.KafkaConsumerHandler</handler.class>
        <!-- 消费者的groupId，为kafka consumer group -->
        <!-- 同一个groupID为queue模式，不同的groupID为publish-subscribe模式 -->
        <group.id>kafka_wholesale_purchase_order_consumer_self</group.id>
        <!-- zookeeper集群的链接 -->
        <zookeeper.connect>172.25.201.69:2181,172.25.201.70:2181,172.25.201.71:2181</zookeeper.connect>
        <!-- zk01.beta.uledns.com:2181,zk02.beta.uledns.com:2181,zk03.beta.uledns.com:2181 -->
        <!-- 自动Commit，默认true,推荐true,速度快 -->
        <auto.commit.enable>true</auto.commit.enable>
        <!-- 自动Commit间隔时间，默认60 * 1000毫秒 -->
        <!-- <auto.commit.interval.ms>1000</auto.commit.interval.ms> -->
        <!-- 消费者接受线程数量,推荐和kafka服务器中的该topic的partitions一样大小，默认1 -->
        <num.consumer.fetchers>1</num.consumer.fetchers>
        <!-- 当用户组用户从未接受过某个topic,默认从哪里接受数据，两种选择 -->
        <!-- largest 从当前最大值开始接受，smallest从0开始接受 -->
        <auto.offset.reset>smallest</auto.offset.reset>
        <ext.props>
            <consumer.timeout.ms>-1</consumer.timeout.ms>
        </ext.props>
    </consumer>
    <consumer>
        <id>kafka_wholesale_return_order_consumer_self</id>
        <topic>kafka_wholesale_purchase_return_order</topic>
        <handler.class>com.ule.wholesale.fxpurchase.server.msghandler.KafkaConsumerHandler</handler.class>
        <group.id>kafka_wholesale_return_order_consumer_self</group.id>
        <zookeeper.connect>172.25.201.69:2181,172.25.201.70:2181,172.25.201.71:2181</zookeeper.connect>
        <auto.commit.enable>true</auto.commit.enable>
        <!-- <auto.commit.interval.ms>1000</auto.commit.interval.ms> -->
        <num.consumer.fetchers>1</num.consumer.fetchers>
        <auto.offset.reset>largest</auto.offset.reset>
        <ext.props>
            <consumer.timeout.ms>-1</consumer.timeout.ms>
        </ext.props>
    </consumer>
    <!-- 创建采购入库消息消费反馈回执消息   -->
    <consumer>
        <id>KAFKA_WMS_TO_WHOLESALE_PURCHASE_ORDER_FXPURCHASE</id>
        <topic>KAFKA_WMS_TO_WHOLESALE_PURCHASE_ORDER</topic>
        <handler.class>com.ule.wholesale.fxpurchase.server.msghandler.OrderCreateConsumerFeedbackHandler</handler.class>
        <group.id>FX_PURCHASE_ORDER</group.id>
        <zookeeper.connect>172.25.201.69:2181,172.25.201.70:2181,172.25.201.71:2181</zookeeper.connect>
        <auto.commit.enable>true</auto.commit.enable>
        <num.consumer.fetchers>1</num.consumer.fetchers>
        <auto.offset.reset>largest</auto.offset.reset>
        <ext.props>
            <consumer.timeout.ms>-1</consumer.timeout.ms>
        </ext.props>
    </consumer>
    <!-- 创建采购订单入库反馈消息   -->
    <consumer>
        <id>KAFKA_WMS_RECEIPT_TO_PURCHASE_FXPURCHASE</id>
        <topic>KAFKA_WMS_RECEIPT_TO_PURCHASE</topic>
        <handler.class>com.ule.wholesale.fxpurchase.server.msghandler.OrderFinishFeedbackHandler</handler.class>
        <group.id>FX_FXPURCHASE_ORDER_IN</group.id>
        <zookeeper.connect>172.25.201.69:2181,172.25.201.70:2181,172.25.201.71:2181</zookeeper.connect>
        <auto.commit.enable>true</auto.commit.enable>
        <num.consumer.fetchers>1</num.consumer.fetchers>
        <auto.offset.reset>largest</auto.offset.reset>
        <ext.props>
            <consumer.timeout.ms>-1</consumer.timeout.ms>
        </ext.props>
    </consumer>
    <!-- 创建退货出库单消息消费回执   -->
    <consumer>
        <id>KAFKA_WMS_TO_WHOLESALE_RETURN_ORDER_FXPURCHASE</id>
        <topic>KAFKA_WMS_TO_SO_PUR_FEED_BACK</topic>
        <handler.class>com.ule.wholesale.fxpurchase.server.msghandler.ReturnOrderCreateConsumerFeedbackHandler</handler.class>
        <group.id>FX_FXPURCHASE_RETURN_ORDER</group.id>
        <zookeeper.connect>172.25.201.69:2181,172.25.201.70:2181,172.25.201.71:2181</zookeeper.connect>
        <auto.commit.enable>true</auto.commit.enable>
        <!-- <auto.commit.interval.ms>1000</auto.commit.interval.ms> -->
        <num.consumer.fetchers>1</num.consumer.fetchers>
        <auto.offset.reset>largest</auto.offset.reset>
        <ext.props>
            <consumer.timeout.ms>-1</consumer.timeout.ms>
        </ext.props>
    </consumer>
    <!-- 退货出库单出货反馈消息   -->
    <consumer>
        <id>KAFKA_WMS_WAVE_TO_PURCHASE_FXPURCHASE</id>
        <topic>KAFKA_WMS_WAVE_TO_PURCHASE</topic>
        <handler.class>com.ule.wholesale.fxpurchase.server.msghandler.ReturnOrderFinishFeedbackHandler</handler.class>
        <group.id>FX_FXPURCHASE_RETURN_ORDER_OUT</group.id>
        <zookeeper.connect>172.25.201.69:2181,172.25.201.70:2181,172.25.201.71:2181</zookeeper.connect>
        <auto.commit.enable>true</auto.commit.enable>
        <!-- <auto.commit.interval.ms>1000</auto.commit.interval.ms> -->
        <num.consumer.fetchers>1</num.consumer.fetchers>
        <auto.offset.reset>largest</auto.offset.reset>
        <ext.props>
            <consumer.timeout.ms>-1</consumer.timeout.ms>
        </ext.props>
    </consumer>
     
    <producer>
        <id>kafka_wholesale_purchase_order</id>
        <!-- 生产的topic -->
        <topic>kafka_wholesale_purchase_order</topic>
        <!-- kafka的链接url（不是zookeeper） -->
        <kafka.broker.list>172.25.201.69:9092,172.25.201.70:9092,172.25.201.71:9092</kafka.broker.list>
        <!-- kafka01.beta.uledns.com:9092,kafka02.beta.uledns.com:9092,kafka03.beta.uledns.com:9092 -->
        <!-- 172.25.201.69:9092,172.25.201.70:9092,172.25.201.71:9092 -->
        <request.required.acks>1</request.required.acks>
        <send.async.enable>true</send.async.enable>
    </producer>
    <producer>
        <id>kafka_wholesale_return_order</id>
        <topic>kafka_wholesale_purchase_return_order</topic>
        <kafka.broker.list>172.25.201.69:9092,172.25.201.70:9092,172.25.201.71:9092</kafka.broker.list>
        <!-- <handler.class>com.ule.zone.msghandler.KafkaProducerHandler</handler.class> -->
        <request.required.acks>1</request.required.acks>
        <send.async.enable>true</send.async.enable>
        <ext.props>
        </ext.props>
    </producer>
    
    <!-- <producer>
        <id>WMS_PURCHASE_ORDER_RECEIPT</id>
        <topic>KAFKA_WMS_TO_WHOLESALE_PURCHASE_ORDER</topic>
        <kafka.broker.list>172.25.201.69:9092,172.25.201.70:9092,172.25.201.71:9092</kafka.broker.list>
        <handler.class>com.ule.zone.msghandler.KafkaProducerHandler</handler.class>
        <request.required.acks>1</request.required.acks>
        <send.async.enable>true</send.async.enable>
        <ext.props>
        </ext.props>
    </producer> -->
    <!-- <producer>
        <id>KAFKA_WMS_TO_SO_PUR_FEED_BACK</id>
        <topic>KAFKA_WMS_TO_SO_PUR_FEED_BACK</topic>
        <kafka.broker.list>172.25.201.69:9092,172.25.201.70:9092,172.25.201.71:9092</kafka.broker.list>
        <handler.class>com.ule.zone.msghandler.KafkaProducerHandler</handler.class>
        <request.required.acks>1</request.required.acks>
        <send.async.enable>true</send.async.enable>
        <ext.props>
        </ext.props>
    </producer> -->
    

  
</kafka-clients>