<?xml version="1.0" encoding="UTF-8"?>
<kafka-clients>

	<!-- 创建采购入库消息消费反馈回执消息   -->
    <consumer>
        <id>KAFKA_WMS_TO_WHOLESALE_PURCHASE_ORDER_FXPURCHASE</id>
        <topic>KAFKA_WMS_TO_WHOLESALE_PURCHASE_ORDER</topic>
        <handler.class>com.ule.fxpurchase.msghandler.OrderCreateConsumerFeedbackHandler</handler.class>
        <group.id>FX_PURCHASE_ORDER</group.id>
        <zookeeper.connect>kafka01.uledns.com:2181,kafka02.uledns.com:2181,kafka03.uledns.com:2181</zookeeper.connect>
        <auto.commit.enable>true</auto.commit.enable>
        <num.consumer.fetchers>1</num.consumer.fetchers>
        <auto.offset.reset>largest</auto.offset.reset>
        <ext.props>
            <consumer.timeout.ms>-1</consumer.timeout.ms>
        </ext.props>
    </consumer>
    <!-- 创建采购订单入库反馈消息   -->
    <consumer>
        <id>KAFKA_WMS_RECEIPT_TO_PURCHASE_FXPURCHASE</id>
        <topic>KAFKA_WMS_RECEIPT_TO_PURCHASE</topic>
        <handler.class>com.ule.fxpurchase.msghandler.OrderFinishFeedbackHandler</handler.class>
        <group.id>FX_FXPURCHASE_ORDER_IN</group.id>
        <zookeeper.connect>kafka01.uledns.com:2181,kafka02.uledns.com:2181,kafka03.uledns.com:2181</zookeeper.connect>
        <auto.commit.enable>true</auto.commit.enable>
        <num.consumer.fetchers>1</num.consumer.fetchers>
        <auto.offset.reset>largest</auto.offset.reset>
        <ext.props>
            <consumer.timeout.ms>-1</consumer.timeout.ms>
        </ext.props>
    </consumer>
    <!-- 创建退货出库单消息消费回执   -->
    <consumer>
        <id>KAFKA_WMS_TO_WHOLESALE_RETURN_ORDER_FXPURCHASE</id>
        <topic>KAFKA_WMS_TO_SO_PUR_FEED_BACK</topic>
        <handler.class>com.ule.fxpurchase.msghandler.ReturnOrderCreateConsumerFeedbackHandler</handler.class>
        <group.id>FX_FXPURCHASE_RETURN_ORDER</group.id>
        <zookeeper.connect>kafka01.uledns.com:2181,kafka02.uledns.com:2181,kafka03.uledns.com:2181</zookeeper.connect>
        <auto.commit.enable>true</auto.commit.enable>
        <!-- <auto.commit.interval.ms>1000</auto.commit.interval.ms> -->
        <num.consumer.fetchers>1</num.consumer.fetchers>
        <auto.offset.reset>largest</auto.offset.reset>
        <ext.props>
            <consumer.timeout.ms>-1</consumer.timeout.ms>
        </ext.props>
    </consumer>
    <!-- 退货出库单出货反馈消息   -->
    <consumer>
        <id>KAFKA_WMS_WAVE_TO_PURCHASE_FXPURCHASE</id>
        <topic>KAFKA_WMS_WAVE_TO_PURCHASE</topic>
        <handler.class>com.ule.fxpurchase.msghandler.ReturnOrderFinishFeedbackHandler</handler.class>
        <group.id>FX_FXPURCHASE_RETURN_ORDER_OUT</group.id>
        <zookeeper.connect>kafka01.uledns.com:2181,kafka02.uledns.com:2181,kafka03.uledns.com:2181</zookeeper.connect>
        <auto.commit.enable>true</auto.commit.enable>
        <!-- <auto.commit.interval.ms>1000</auto.commit.interval.ms> -->
        <num.consumer.fetchers>1</num.consumer.fetchers>
        <auto.offset.reset>largest</auto.offset.reset>
        <ext.props>
            <consumer.timeout.ms>-1</consumer.timeout.ms>
        </ext.props>
    </consumer>
     
    <producer>
        <id>kafka_wholesale_purchase_order</id>
        <!-- 生产的topic -->
        <topic>kafka_wholesale_purchase_order</topic>
        <!-- kafka的链接url（不是zookeeper） -->
        <kafka.broker.list>kafka01.uledns.com:9092,kafka02.uledns.com:9092,kafka03.uledns.com:9092</kafka.broker.list>
        <!-- kafka01.uledns.com:9092,kafka02.uledns.com,kafka03.uledns.com:9092 -->
        <!-- 172.25.201.69:9092,172.25.201.70:9092,172.25.201.71:9092 -->
        <request.required.acks>1</request.required.acks>
        <send.async.enable>true</send.async.enable>
    </producer>
    <producer>
        <id>kafka_wholesale_return_order</id>
        <topic>kafka_wholesale_purchase_return_order</topic>
        <kafka.broker.list>kafka01.uledns.com:9092,kafka02.uledns.com:9092,kafka03.uledns.com:9092</kafka.broker.list>
        <!-- <handler.class>com.ule.zone.msghandler.KafkaProducerHandler</handler.class> -->
        <request.required.acks>1</request.required.acks>
        <send.async.enable>true</send.async.enable>
        <ext.props>
        </ext.props>
    </producer>
</kafka-clients>