<configuration scan="true" scanPeriod="10 seconds">
    <!-- <include resource="org/springframework/boot/logging/logback/base.xml" /> -->
    <include resource="org/springframework/boot/logging/logback/defaults.xml"/>
    <springProperty scope="context" name="springAppName" source="server.context-path"/>
    <property name="LOG_FILE" value="${springAppName}"/>
    <!-- <property name="LOG_FILE" value="fxPurchase"/> -->​
    <property name="LOG_PATH" value="/data/logs/tomcat/wholesale/${springAppName}"/>​
    <property name="CONSOLE_LOG_PATTERN"
			  value="%clr(%d{yyyy-MM-dd HH:mm:ss.SSS}){faint} %clr(${LOG_LEVEL_PATTERN:-%5p}) %clr(${PID:- }){magenta} %clr(---){faint} %clr([%15.15t]){faint} %clr(%-40.40logger{39}){cyan} %clr(:){faint} %m%n${LOG_EXCEPTION_CONVERSION_WORD:-%wEx}"/>
	
	<appender name="CONSOLE" class="ch.qos.logback.core.ConsoleAppender">
		<filter class="ch.qos.logback.classic.filter.ThresholdFilter">
			<level>DEBUG</level>
		</filter>
		<encoder>
			<pattern>${CONSOLE_LOG_PATTERN}</pattern>
			<charset>utf8</charset>
		</encoder>
	</appender>
    <appender name="INFO_FILE" class="ch.qos.logback.core.rolling.RollingFileAppender">
        <File>${LOG_PATH}/${LOG_FILE}.log</File>
        <rollingPolicy class="ch.qos.logback.core.rolling.TimeBasedRollingPolicy">
            <fileNamePattern>${LOG_PATH}/${LOG_FILE}.log.%d{yyyyMMdd}.%i</fileNamePattern>
            <timeBasedFileNamingAndTriggeringPolicy class="ch.qos.logback.core.rolling.SizeAndTimeBasedFNATP">
                <maxFileSize>10MB</maxFileSize>
            </timeBasedFileNamingAndTriggeringPolicy>
            <maxHistory>20</maxHistory>
        </rollingPolicy>
        <!-- <layout class="ch.qos.logback.classic.PatternLayout">
            <Pattern>%d{yyyy-MM-dd HH:mm:ss.SSS} [%thread] %-5level %logger{36} -%msg%n
            </Pattern>
        </layout> -->
        <encoder>
			<pattern>${CONSOLE_LOG_PATTERN}</pattern>
			<charset>utf8</charset>
		</encoder>
    </appender>
    <appender name="ERROR_FILE" class="ch.qos.logback.core.rolling.RollingFileAppender">
        <filter class="ch.qos.logback.classic.filter.ThresholdFilter">
            <level>ERROR</level>
        </filter>
        <file>${LOG_PATH}/${LOG_FILE}-error.log</file>
        <rollingPolicy class="ch.qos.logback.core.rolling.TimeBasedRollingPolicy">
            <fileNamePattern>${LOG_PATH}/${LOG_FILE}-error.log.%d{yyyyMMdd}.%i</fileNamePattern>
            <timeBasedFileNamingAndTriggeringPolicy class="ch.qos.logback.core.rolling.SizeAndTimeBasedFNATP">
                <maxFileSize>500MB</maxFileSize>
            </timeBasedFileNamingAndTriggeringPolicy>
            <maxHistory>20</maxHistory>
        </rollingPolicy>
        <encoder>
			<pattern>${CONSOLE_LOG_PATTERN}</pattern>
			<charset>utf8</charset>
		</encoder>
       <!-- <layout class="ch.qos.logback.classic.PatternLayout">
            <Pattern>%d{yyyy-MM-dd HH:mm:ss.SSS} [%thread] %-5level %logger{36} -%msg%n</Pattern>
        </layout> -->
    </appender>
    
    <!--JdbcTemplate的日志输出器 -->
    <!-- <logger name="org.springframework.jdbc.core.StatementCreatorUtils"
        additivity="false" level="TRACE">
        <appender-ref ref="CONSOLE" />
    </logger> -->
    <logger name="org.springframework.jdbc.core" additivity="true">
        <level value="INFO" />
        <appender-ref ref="CONSOLE" />
    </logger>
    <logger name="java.sql" additivity="true">
        <level value="INFO" />
        <appender-ref ref="CONSOLE" />
    </logger>
    <!-- <logger name="java.sql.Statement" additivity="true">
        <level value="DEBUG" />
        <appender-ref ref="CONSOLE" />
    </logger> -->
    <!-- <logger name="java.sql.PreparedStatement" additivity="true">
        <level value="DEBUG" />
        <appender-ref ref="CONSOLE" />
    </logger> -->
    <!-- <logger name="java.sql.ResultSet" additivity="true">
        <level value="DEBUG" />
        <appender-ref ref="CONSOLE" />
    </logger> -->
    <!-- <logger name="org.hibernate.type.descriptor.sql.BasicBinder" level="TRACE" />
    <logger name="org.hibernate.type.descriptor.sql.BasicExtractor" level="TRACE" /> -->
    <!-- <logger name="org.hibernate.SQL" level="DEBUG" /> -->
    <logger name="com.ibatis" level="DEBUG" />
    <logger name="com.ule.fxpurchase.server.mapper" level="DEBUG" />

    <root level="INFO">
       <appender-ref ref="CONSOLE" />
       <appender-ref ref="INFO_FILE" />
       <appender-ref ref="ERROR_FILE" />
    </root>   
</configuration>